teacher_id,overall_rating,attendance,onlineClass,rEasy,rWouldTakeAgain,teacherGrade,rClarity,rInterest,takenForCredit
1007871.0,3.5560344827586214,1.6465517241379308,2.0,3.456896551724139,2.0,8.90086206896552,3.801724137931035,3.28448275862069,2.0
1013491.0,2.9499999999999997,1.5999999999999999,2.0,4.5,2.0,9.799999999999999,2.5999999999999996,2.9999999999999996,2.0
1015385.0,4.230769230769231,1.6923076923076923,2.0,2.615384615384616,2.0,11.0,4.230769230769231,4.230769230769231,2.0
1017713.0,3.5,2.0,2.0,4.0,2.0,11.0,3.0,2.0,2.0
1018639.0,5.0,1.0,2.0,3.0,2.0,12.0,5.0,5.0,2.0
1019525.0,1.6,1.6,2.0,4.8,2.0,11.2,1.6,3.4,2.0
1021998.0,4.0,1.6,2.0,2.6,2.0,10.6,3.0,4.0,2.0
1028729.0,4.5,1.4516129032258065,2.0,1.6451612903225807,2.0,9.838709677419354,4.451612903225806,3.3548387096774195,2.0
1030473.0,1.5217391304347827,1.5217391304347827,2.0,4.0,2.0,7.608695652173913,1.0,2.565217391304348,2.0
103284.0,3.1363636363636362,2.0,2.0,3.909090909090909,2.0,8.272727272727273,2.5454545454545454,3.5454545454545454,2.0
1034199.0,2.1590909090909087,1.5454545454545454,2.0,3.9090909090909087,2.0,10.045454545454545,1.909090909090909,2.9999999999999996,2.0
1034398.0,2.5624999999999996,1.375,2.0,3.75,2.0,4.875,2.125,1.7499999999999998,2.0
1036995.0,3.0,1.0,2.0,5.0,2.0,11.0,2.0,3.0,2.0
1039201.0,2.0,2.0,2.0,1.0,2.0,12.0,2.3333333333333335,4.0,2.0
103948.0,2.5,2.0,2.0,5.0,2.0,1.0,2.0,4.0,2.0
1039828.0,4.0,1.0,2.0,2.6666666666666665,2.0,11.0,3.3333333333333335,4.666666666666667,2.0
1040702.0,4.416666666666667,1.6666666666666667,2.0,2.0,2.0,10.666666666666666,4.0,4.333333333333333,2.0
1040908.0,1.0,2.0,2.0,5.0,2.0,9.0,1.0,1.0,2.0
1049488.0,1.6000000000000003,1.0,2.0,4.3999999999999995,2.0,9.0,1.0,1.0,2.0
1052050.0,2.0,1.0,2.0,4.0,2.0,1.0,1.0,3.0,2.0
10522.0,5.0,1.0,2.0,2.0,2.0,12.0,5.0,3.0,2.0
10525.0,4.3999999999999995,2.0,2.0,3.3333333333333335,2.0,9.933333333333334,4.466666666666667,4.666666666666667,2.0
10541.0,2.6593406593406597,1.7582417582417584,2.0,4.131868131868132,2.0,5.131868131868132,2.461538461538462,2.7692307692307696,2.0
105590.0,3.0,1.5,2.0,3.5,2.0,11.5,2.0,4.0,2.0
10560.0,4.8,1.4,2.0,2.2,2.0,9.2,4.8,4.2,2.0
1057244.0,4.0,1.6,2.0,3.8,2.0,6.8,4.0,4.2,2.0
1057301.0,4.0,2.0,2.0,2.0,2.0,9.0,4.0,4.0,2.0
1060312.0,4.3109243697479,1.6302521008403366,2.0,2.4453781512605044,2.0,10.865546218487395,4.2436974789915975,3.957983193277312,2.0
106087.0,5.000000000000001,2.0,2.0,2.9210526315789473,2.0,6.0657894736842115,5.000000000000001,5.000000000000001,2.0
1061287.0,2.0,2.0,2.0,3.6666666666666665,2.0,11.333333333333334,2.0,2.0,2.0
1061337.0,3.95,1.56,2.0,1.92,2.0,9.86,4.22,3.82,2.0
106335.0,2.0,2.0,2.0,5.0,2.0,1.0,3.0,3.0,2.0
1064717.0,4.75,1.5,2.0,2.0,2.0,10.0,5.0,2.5,2.0
1069008.0,4.75,1.5,2.0,2.875,2.0,6.75,4.5,3.875,2.0
1069081.0,5.0,1.0,2.0,2.0,2.0,11.0,5.0,4.0,2.0
1069569.0,3.25,2.0,2.0,3.0,2.0,10.5,3.5,3.5,2.0
1071281.0,4.5,2.0,2.0,2.0,2.0,1.0,5.0,5.0,2.0
107641.0,4.0,2.0,2.0,3.0,2.0,9.0,4.0,4.0,2.0
1077502.0,4.205882352941177,1.147058823529412,2.0,1.9411764705882355,2.0,11.323529411764707,4.2058823529411775,3.2352941176470593,2.0
107768.0,3.9615384615384612,2.0,2.0,2.3846153846153846,2.0,9.230769230769232,4.461538461538462,4.230769230769231,2.0
107781.0,2.0,2.0,2.0,4.0,2.0,12.0,2.0,1.0,2.0
1078506.0,3.75,1.8333333333333333,2.0,3.8333333333333335,2.0,10.333333333333334,4.0,3.8333333333333335,2.0
1079241.0,4.5,2.0,2.0,3.0,2.0,1.0,5.0,4.0,2.0
1079744.0,4.5,1.0,2.0,3.0,2.0,1.0,5.0,5.0,2.0
1082945.0,3.0,1.0,2.0,3.0,2.0,9.0,3.0,2.0,2.0
1085101.0,5.0,1.3333333333333333,2.0,2.6666666666666665,2.0,10.0,5.0,4.333333333333333,2.0
1086429.0,5.0,2.0,2.0,4.75,2.0,3.4999999999999996,5.0,4.25,2.0
1086658.0,1.6052631578947367,1.8987854251012144,2.0,3.7246963562753033,2.0,7.941295546558706,1.5789473684210524,2.753036437246963,2.0
1091038.0,5.0,1.0,2.0,4.0,2.0,12.0,5.0,4.0,2.0
1092786.0,4.4,1.0,2.0,2.0,2.0,7.2,4.6,4.0,2.0
1093759.0,4.833333333333333,2.0,2.0,1.0,2.0,11.666666666666666,4.666666666666667,4.666666666666667,2.0
1093966.0,3.75,2.0,2.0,3.5,2.0,10.0,4.0,4.0,2.0
109511.0,3.0,1.0,2.0,2.0,2.0,11.0,3.0,5.0,2.0
1097991.0,5.0,1.0,2.0,2.0,2.0,9.0,5.0,4.0,2.0
1098124.0,5.0,2.0,2.0,2.3333333333333335,2.0,11.333333333333334,5.0,3.6666666666666665,2.0
1098341.0,2.0,2.0,2.0,3.0,2.0,10.0,3.0,1.0,2.0
1099275.0,4.5,1.0,2.0,3.0,2.0,9.0,5.0,4.0,2.0
1103256.0,4.0,2.0,2.0,4.0,2.0,1.0,3.0,5.0,2.0
1106558.0,5.0,2.0,2.0,1.0,2.0,11.0,5.0,3.0,2.0
1107013.0,4.833333333333333,1.6666666666666667,2.0,1.6666666666666667,2.0,10.666666666666666,4.666666666666667,4.666666666666667,2.0
111033.0,1.8941605839416058,1.116788321167883,2.0,4.21897810218978,2.0,5.321167883211679,1.5766423357664234,1.6642335766423357,2.0
1122280.0,4.5,2.0,2.0,3.0,2.0,12.0,5.0,3.0,2.0
1124602.0,5.0,1.3571428571428574,2.0,2.285714285714286,2.0,9.571428571428573,5.0,3.642857142857143,2.0
112729.0,4.0,2.0,2.0,4.0,2.0,12.0,4.0,5.0,2.0
1129705.0,4.0,1.0,2.0,4.0,2.0,9.0,5.0,4.0,2.0
1130746.0,5.0,2.0,2.0,4.0,2.0,8.0,5.0,5.0,2.0
1130926.0,1.4919871794871797,1.096153846153846,2.0,4.230769230769232,2.0,7.3477564102564115,1.5000000000000002,1.5865384615384617,2.0
1132499.0,5.0,1.625,2.0,1.25,2.0,5.75,5.0,5.0,2.0
1135622.0,4.666666666666667,2.0,2.0,1.2222222222222223,2.0,11.555555555555555,4.777777777777778,3.6666666666666665,2.0
11364.0,3.5,1.0,2.0,3.0,2.0,7.0,4.0,3.0,2.0
114168.0,4.25,1.0,2.0,3.5,2.0,10.0,4.5,4.5,2.0
1145698.0,3.0,2.0,2.0,2.3333333333333335,2.0,9.333333333333334,3.0,1.0,2.0
1153390.0,3.5,1.0,2.0,5.0,2.0,12.0,3.0,4.0,2.0
1154600.0,4.285714285714286,2.0,2.0,2.2857142857142856,2.0,10.357142857142858,4.5,3.7857142857142856,2.0
1154614.0,3.75,1.0,2.0,2.25,2.0,11.25,3.75,3.75,2.0
1157877.0,4.5,2.0,2.0,1.0,2.0,11.0,5.0,5.0,2.0
115946.0,3.5,1.0,2.0,2.0,2.0,10.666666666666666,3.3333333333333335,4.333333333333333,2.0
116042.0,4.0,1.0,2.0,2.0,2.0,12.0,4.0,5.0,2.0
116052.0,1.71551724137931,1.862068965517241,2.0,4.706896551724137,2.0,8.051724137931032,1.7413793103448276,3.689655172413793,2.0
1161507.0,2.75,1.5,2.0,4.25,2.0,10.5,2.75,4.0,2.0
1161573.0,3.5,2.0,2.0,3.5,2.0,10.5,4.0,4.0,2.0
116238.0,3.0,2.0,2.0,4.0,2.0,9.0,3.0,2.0,2.0
1164114.0,4.571428571428571,2.0,2.0,1.5714285714285714,2.0,12.0,4.571428571428571,4.714285714285714,2.0
1171075.0,4.875,1.5,2.0,2.25,2.0,11.75,5.0,4.75,2.0
117359.0,4.333333333333333,1.8333333333333333,2.0,3.6666666666666665,2.0,5.266666666666667,4.433333333333333,4.033333333333333,2.0
1175154.0,4.0,2.0,2.0,2.0,2.0,7.0,4.0,5.0,2.0
1175729.0,4.0,2.0,2.0,3.0,2.0,10.0,4.0,1.0,2.0
1175776.0,3.6,1.0,2.0,3.4,2.0,10.6,3.8,4.0,2.0
11775.0,4.905405405405404,1.8918918918918917,2.0,2.2702702702702697,2.0,9.567567567567567,4.864864864864864,4.297297297297297,2.0
1178222.0,5.0,2.0,2.0,1.0,2.0,12.0,5.0,5.0,2.0
1178474.0,4.6,1.0,2.0,2.6,2.0,5.6,4.6,4.4,2.0
1179023.0,4.0,1.5714285714285714,2.0,3.4285714285714284,2.0,9.142857142857142,3.857142857142857,3.4285714285714284,2.0
1182723.0,4.0,1.0,2.0,2.0,2.0,8.0,4.0,3.0,2.0
1182974.0,2.0,1.4,2.0,4.2,2.0,5.6,2.2,2.0,2.0
1184221.0,2.0,2.0,2.0,4.0,2.0,11.0,2.0,2.0,2.0
1184399.0,3.6304347826086953,1.608695652173913,2.0,2.956521739130434,2.0,9.217391304347824,3.434782608695652,3.043478260869565,2.0
1185243.0,1.108695652173913,1.0434782608695652,2.0,4.82608695652174,2.0,1.4347826086956523,1.173913043478261,1.0,2.0
1185901.0,1.9230769230769225,1.0,2.0,2.6923076923076916,2.0,10.0,1.769230769230769,2.9999999999999996,2.0
1188042.0,1.0714285714285716,1.7142857142857144,2.0,4.000000000000001,2.0,5.000000000000001,1.0714285714285716,1.8571428571428572,2.0
1188258.0,2.655737704918033,1.5081967213114753,2.0,2.3442622950819674,2.0,6.475409836065575,2.7049180327868854,3.2295081967213113,2.0
1192528.0,5.0,1.0,2.0,1.0,2.0,11.0,5.0,5.0,2.0
1196581.0,1.0,2.0,2.0,5.0,2.0,2.0,1.0,1.0,2.0
1200196.0,4.833333333333333,2.0,2.0,1.0,2.0,11.333333333333334,5.0,3.0,2.0
1216713.0,3.0,2.0,2.0,5.0,2.0,10.0,3.0,3.0,2.0
1218272.0,3.5757575757575757,1.3636363636363635,1.9393939393939394,2.6060606060606055,2.0,9.636363636363637,3.7575757575757573,3.6363636363636362,2.0
1222386.0,1.964285714285714,1.4285714285714282,2.0,2.380952380952381,2.0,7.57142857142857,2.5476190476190474,2.142857142857143,2.0
1224919.0,2.5,2.0,2.0,3.0,2.0,11.0,2.0,3.0,2.0
1225711.0,1.5,2.0,1.0,4.0,2.0,1.0,1.0,1.0,2.0
1225988.0,3.8,2.0,2.0,3.8,2.0,10.6,3.6,4.0,2.0
1226364.0,4.75,2.0,2.0,1.5,2.0,11.5,5.0,3.0,2.0
1226952.0,3.361702127659574,1.4680851063829787,2.0,2.9361702127659575,2.0,6.553191489361702,3.2978723404255317,4.042553191489361,2.0
1227666.0,5.0,2.0,2.0,4.0,2.0,11.0,5.0,1.0,2.0
1228106.0,2.0,1.0,2.0,5.0,2.0,1.0,2.0,1.0,2.0
1228378.0,3.5,2.0,2.0,2.0,2.0,12.0,3.0,4.0,2.0
1232337.0,4.5,1.0,2.0,4.0,2.0,1.0,5.0,4.0,2.0
1232405.0,5.0,2.0,2.0,3.0,2.0,12.0,5.0,5.0,2.0
1232759.0,1.0,1.0,2.0,4.0,2.0,1.0,1.0,4.0,2.0
12388.0,1.66,1.56,2.0,4.960000000000001,2.0,5.679999999999999,1.8800000000000001,2.12,2.0
12389.0,1.0,1.0,2.0,5.0,2.0,11.0,1.0,1.0,2.0
12391.0,5.0,1.0,2.0,1.0,2.0,9.666666666666666,5.0,5.0,2.0
12392.0,5.0,1.0,2.0,2.0,2.0,12.0,5.0,4.0,2.0
1239364.0,2.5,1.3571428571428572,2.0,3.228571428571429,2.0,8.5,2.2000000000000006,3.385714285714286,2.0
12398.0,3.9801587301587302,1.9206349206349205,2.0,3.3888888888888884,2.0,9.547619047619047,4.031746031746032,3.531746031746032,2.0
1239893.0,4.205882352941177,1.4705882352941175,2.0,3.1176470588235294,2.0,7.823529411764706,4.470588235294118,4.11764705882353,2.0
1240097.0,3.9545454545454546,2.0,2.0,2.1818181818181817,2.0,10.272727272727273,4.181818181818182,4.0,2.0
1242530.0,2.25,2.0,2.0,3.6249999999999996,2.0,8.874999999999998,1.7499999999999998,3.375,2.0
1244115.0,4.0,1.0,2.0,1.0,2.0,9.0,4.0,2.0,2.0
1247807.0,1.5499999999999998,2.0,1.6,3.9,2.0,9.8,1.2000000000000002,1.7000000000000002,2.0
1252450.0,2.0,1.0,2.0,5.0,2.0,6.0,2.0,2.0,2.0
1252842.0,3.0,1.0,2.0,4.0,2.0,8.0,3.0,4.0,2.0
1253066.0,2.5,2.0,2.0,4.0,2.0,1.0,3.0,3.0,2.0
1253231.0,3.5,2.0,2.0,3.6666666666666665,2.0,9.333333333333334,3.3333333333333335,3.0,2.0
1254025.0,4.7,2.0,2.0,3.2,2.0,10.2,4.6,4.4,2.0
1257822.0,4.875,1.8750000000000002,2.0,1.5000000000000004,2.0,11.625000000000002,4.875,4.375,2.0
1260384.0,4.666666666666667,1.0,2.0,1.6666666666666667,2.0,10.666666666666666,5.0,4.333333333333333,2.0
1264756.0,4.25,1.0,2.0,1.5,2.0,8.25,4.5,4.5,2.0
1264803.0,4.375,2.0,2.0,3.25,2.0,9.5,3.75,3.75,2.0
12690.0,4.5,1.0,2.0,3.0,2.0,9.0,5.0,5.0,2.0
1269541.0,2.5,2.0,2.0,3.0,2.0,8.0,1.0,4.0,2.0
1270414.0,1.0,2.0,2.0,5.0,2.0,1.0,1.0,2.0,2.0
1271580.0,4.5,2.0,2.0,1.5,2.0,6.0,4.5,3.5,2.0
1278151.0,5.0,2.0,2.0,4.0,2.0,1.0,5.0,5.0,2.0
1283978.0,5.0,1.0,2.0,1.0,2.0,12.0,5.0,5.0,2.0
1286554.0,3.8571428571428568,1.5714285714285716,2.0,3.571428571428572,2.0,9.285714285714286,3.8571428571428568,3.142857142857143,2.0
12910.0,3.48,1.24,2.0,3.16,2.0,10.12,3.8,3.8,2.0
1294401.0,3.25,1.5,2.0,3.0,2.0,10.0,3.0,2.0,2.0
1303354.0,3.0,1.5,2.0,2.0,2.0,11.5,2.5,4.0,2.0
1306034.0,3.6071428571428568,1.5,2.0,3.4285714285714284,2.0,10.214285714285714,3.3571428571428563,3.214285714285714,2.0
1307374.0,2.5555555555555554,1.3333333333333333,2.0,3.4444444444444446,2.0,9.666666666666666,2.3333333333333335,3.3333333333333335,2.0
1308823.0,1.870967741935484,1.7096774193548387,2.0,3.580645161290323,2.0,7.096774193548387,1.5806451612903227,2.709677419354839,2.0
1308824.0,4.7727272727272725,2.0,2.0,1.909090909090909,2.0,10.545454545454547,5.0,4.545454545454545,2.0
130960.0,2.995867768595041,1.8595041322314048,2.0,3.2561983471074383,2.0,11.115702479338843,3.0,3.1570247933884303,2.0
1312326.0,2.07089552238806,1.347014925373134,2.0,3.518656716417911,2.0,8.432835820895525,1.4664179104477613,2.83955223880597,2.0
1321134.0,4.533333333333333,1.7333333333333334,2.0,2.2,2.0,9.0,4.6,3.2666666666666666,2.0
1325135.0,4.25,2.0,2.0,3.5,2.0,10.0,4.5,4.0,2.0
1325422.0,2.7666666666666666,1.4666666666666666,2.0,4.066666666666666,2.0,9.933333333333334,2.2666666666666666,3.7333333333333334,2.0
1330164.0,3.1250000000000004,1.0,2.0,2.25,2.0,10.25,2.75,3.0,2.0
1332734.0,3.124031007751938,1.8527131782945736,2.0,4.503875968992248,2.0,6.201550387596899,3.387596899224806,2.8992248062015507,2.0
1333592.0,5.0,1.3333333333333333,2.0,2.3333333333333335,2.0,10.666666666666666,5.0,4.0,2.0
1334998.0,4.25,1.5,2.0,2.5,2.0,10.5,3.5,5.0,2.0
1342207.0,4.611111111111111,1.3333333333333333,2.0,1.8333333333333333,2.0,11.388888888888888,4.833333333333333,4.277777777777778,2.0
1356144.0,4.72972972972973,1.2702702702702702,2.0,1.7837837837837838,2.0,10.35135135135135,4.5675675675675675,3.72972972972973,2.0
1360913.0,5.0,1.0,2.0,4.0,2.0,9.0,5.0,3.0,2.0
1365968.0,5.0,2.0,2.0,4.0,2.0,9.0,5.0,5.0,2.0
1368307.0,4.384057971014493,1.497584541062802,2.0,2.830917874396135,2.0,9.08695652173913,4.507246376811594,4.053140096618357,2.0
1371779.0,1.5,1.0,2.0,4.0,2.0,10.0,2.0,4.0,2.0
1375411.0,5.0,2.0,2.0,2.5,2.0,5.5,5.0,4.5,2.0
1377353.0,4.02,1.4799999999999995,2.0,2.0,2.0,9.919999999999998,4.239999999999999,3.9199999999999995,2.0
1378521.0,2.4318181818181817,1.8636363636363635,2.0,4.863636363636363,2.0,2.227272727272727,1.0,2.8636363636363638,2.0
1380318.0,4.333333333333333,1.6666666666666667,2.0,3.3333333333333335,2.0,9.666666666666666,4.666666666666667,3.6666666666666665,2.0
1384208.0,4.5,2.0,2.0,3.0,2.0,11.0,4.0,4.0,2.0
13852.0,4.0,1.5,2.0,2.0,2.0,9.0,3.5,4.0,2.0
1385293.0,3.3055555555555554,1.1666666666666667,2.0,3.111111111111111,2.0,7.111111111111111,2.6666666666666665,3.0555555555555554,2.0
13856.0,3.5,2.0,2.0,4.0,2.0,12.0,3.0,3.0,2.0
1389108.0,4.833333333333333,1.6666666666666667,2.0,1.3333333333333333,2.0,10.666666666666666,4.666666666666667,4.333333333333333,2.0
1389444.0,2.6666666666666665,1.3333333333333333,2.0,4.0,2.0,7.333333333333333,1.6666666666666667,3.6666666666666665,2.0
13932.0,5.0,2.0,2.0,3.0,2.0,12.0,5.0,5.0,2.0
1395219.0,4.5,2.0,2.0,2.0,2.0,10.0,4.0,3.0,2.0
1395807.0,4.055555555555555,1.3333333333333333,2.0,2.444444444444444,2.0,10.111111111111109,3.6666666666666665,3.9444444444444446,2.0
1399898.0,1.9999999999999998,1.2499999999999998,2.0,3.499999999999999,2.0,4.374999999999999,1.9999999999999998,2.8749999999999996,2.0
1405130.0,4.0,2.0,2.0,5.0,2.0,9.0,4.0,5.0,2.0
1405321.0,3.7,1.0,2.0,2.4000000000000004,2.0,10.4,3.6000000000000005,3.2,2.0
1415053.0,2.75,1.6666666666666667,2.0,4.333333333333333,2.0,7.166666666666667,2.8333333333333335,3.5,2.0
14174.0,3.0,1.5,2.0,3.3333333333333335,2.0,9.166666666666666,2.8333333333333335,3.6666666666666665,2.0
14184.0,5.0,1.0,2.0,2.0,2.0,7.5,5.0,4.0,2.0
14186.0,4.5,1.0,2.0,5.0,2.0,11.0,4.0,3.0,2.0
1422130.0,4.0,2.0,2.0,3.0,2.0,10.0,3.0,3.0,2.0
1422877.0,5.0,1.5,2.0,1.5,2.0,10.5,5.0,5.0,2.0
1425168.0,4.928571428571429,1.2857142857142858,2.0,1.8571428571428572,2.0,7.0,4.857142857142857,4.142857142857143,2.0
1425779.0,2.3552631578947367,1.3421052631578947,2.0,3.684210526315789,2.0,5.592105263157895,2.447368421052631,2.052631578947368,2.0
1428521.0,5.0,1.0,1.0,1.0,2.0,1.0,5.0,5.0,2.0
1430067.0,3.9166666666666665,1.8333333333333333,2.0,3.5,2.0,9.833333333333334,3.8333333333333335,2.1666666666666665,2.0
1430895.0,2.2089552238805976,1.5074626865671643,2.0,2.7611940298507465,2.0,9.522388059701496,2.402985074626866,3.044776119402986,2.0
1434587.0,5.0,2.0,2.0,2.0,2.0,12.0,5.0,4.0,2.0
1434617.0,3.5,1.5,2.0,3.25,2.0,10.5,3.5,3.75,2.0
1438316.0,3.0,1.0,2.0,2.0,2.0,10.0,3.0,5.0,2.0
1438322.0,4.5,2.0,2.0,3.0,2.0,7.5,5.0,5.0,2.0
1440228.0,4.659090909090909,1.6363636363636365,2.0,2.3181818181818183,2.0,10.0,4.318181818181818,2.3181818181818183,2.0
1443623.0,5.0,2.0,2.0,4.0,2.0,11.0,5.0,5.0,2.0
14521.0,4.156250000000001,1.8125,2.0,2.5624999999999996,2.0,9.375,3.6875000000000004,3.4375,2.0
14523.0,3.9,1.0,2.0,1.8,2.0,10.8,3.4,3.4,2.0
1453353.0,3.5,1.0,2.0,5.0,2.0,1.0,3.0,3.0,2.0
145421.0,2.1666666666666665,2.0,1.9666666666666666,4.6,2.0,7.316666666666666,2.8333333333333335,1.8666666666666667,2.0
145640.0,1.6666666666666667,1.3333333333333333,2.0,3.6666666666666665,2.0,7.5,1.6666666666666667,2.6666666666666665,2.0
1456818.0,4.928571428571429,2.0,2.0,1.2857142857142858,2.0,11.285714285714286,5.0,4.714285714285714,2.0
1458172.0,1.7272727272727273,1.0,2.0,4.636363636363637,2.0,9.0,1.3636363636363635,1.7272727272727273,2.0
1458395.0,5.0,2.0,2.0,3.0,2.0,11.0,5.0,5.0,2.0
14647.0,4.7857142857142865,1.7857142857142856,2.0,2.214285714285714,2.0,9.839285714285714,4.839285714285715,4.196428571428571,2.0
1466097.0,3.583333333333333,2.0,2.0,3.333333333333333,2.0,10.083333333333332,3.5,2.833333333333333,2.0
1469208.0,5.0,1.0,2.0,2.0,2.0,10.0,5.0,5.0,2.0
1471661.0,5.0,2.0,2.0,1.0,2.0,11.0,5.0,5.0,2.0
14728.0,3.125,1.4,2.0,3.1,2.0,7.35,2.8,2.75,2.0
14733.0,3.9375,1.2750000000000001,2.0,2.075,2.0,10.475000000000001,3.8499999999999996,3.3,2.0
14735.0,5.0,2.0,2.0,1.0,2.0,7.5,5.0,5.0,2.0
14737.0,4.7857142857142865,1.6428571428571428,2.0,2.714285714285715,2.0,9.428571428571429,4.714285714285714,4.857142857142858,2.0
14739.0,3.8,2.0,2.0,2.8,2.0,8.0,4.2,4.5,2.0
14741.0,1.5,2.0,2.0,4.0,2.0,11.5,1.5,1.5,2.0
1474429.0,4.0,2.0,2.0,3.0,2.0,11.0,4.0,4.0,2.0
1475671.0,5.0,1.0,2.0,3.0,2.0,12.0,5.0,5.0,2.0
1476536.0,3.0,2.0,2.0,2.3333333333333335,2.0,4.333333333333333,2.0,3.6666666666666665,2.0
14768.0,4.0,2.0,2.0,4.0,2.0,9.0,4.0,1.0,2.0
1478252.0,4.583333333333334,1.0,2.0,2.666666666666667,2.0,2.5,5.0,4.166666666666667,2.0
1478978.0,3.6666666666666665,2.0,2.0,3.0,2.0,11.0,3.6666666666666665,3.6666666666666665,2.0
14810.0,4.8,1.6,2.0,2.1333333333333333,2.0,10.766666666666666,4.7333333333333325,4.7333333333333325,2.0
14813.0,4.0,1.0,2.0,4.5,2.0,8.5,4.0,3.0,2.0
1483572.0,2.5,2.0,2.0,3.0,2.0,7.75,2.5,2.0,2.0
1484123.0,4.5,1.3333333333333333,2.0,1.3333333333333333,2.0,10.666666666666666,5.0,4.666666666666667,2.0
1484752.0,1.5,2.0,2.0,5.0,2.0,8.75,1.0,2.0,2.0
1485716.0,2.166666666666667,1.1666666666666667,2.0,2.8333333333333335,2.0,9.000000000000002,2.0,2.166666666666667,2.0
1488479.0,4.5,2.0,2.0,1.0,2.0,11.0,4.0,4.0,2.0
14890.0,4.246031746031745,1.7089947089947088,1.9656084656084654,1.787037037037037,2.0,9.853174603174601,4.201058201058201,3.798941798941799,2.0
14891.0,3.8125,1.125,2.0,2.25,2.0,7.125,3.25,3.375,2.0
1489702.0,4.777777777777778,2.0,2.0,1.7777777777777777,2.0,10.222222222222221,4.777777777777778,4.888888888888889,2.0
149083.0,3.5,1.5454545454545452,2.0,3.818181818181818,2.0,5.999999999999999,3.545454545454545,3.0909090909090904,2.0
1495515.0,3.75,2.0,2.0,2.0,2.0,6.0,4.5,4.0,2.0
14966.0,3.3333333333333335,1.6666666666666667,2.0,3.6666666666666665,2.0,10.333333333333334,3.6666666666666665,3.0,2.0
1497425.0,5.0,1.0,2.0,2.5555555555555554,2.0,11.11111111111111,5.0,5.0,2.0
15019.0,3.0588235294117645,1.3529411764705883,1.8235294117647058,3.5294117647058822,2.0,9.705882352941176,2.3529411764705883,2.764705882352941,1.8235294117647058
1504128.0,4.41869918699187,1.3170731707317072,2.0,2.9512195121951224,2.0,11.195121951219512,4.357723577235772,4.723577235772358,2.0
1508262.0,3.75,1.25,2.0,2.75,2.0,10.0,4.0,2.5,2.0
1508609.0,4.75,2.0,2.0,2.0,2.0,11.0,4.5,4.5,2.0
1509804.0,2.7904109589041095,1.8753424657534246,2.0,3.3890410958904105,2.0,8.545205479452052,2.7410958904109584,2.1287671232876706,2.0
1512124.0,4.0,2.0,2.0,2.0,2.0,12.0,5.0,5.0,2.0
1517197.0,4.5,1.0,2.0,1.0,2.0,12.0,5.0,4.0,2.0
1518207.0,4.75,1.8333333333333333,2.0,2.1666666666666665,2.0,9.833333333333334,4.666666666666667,4.5,2.0
1519533.0,4.25,1.5,2.0,3.0,2.0,10.0,4.5,3.0,2.0
1521831.0,3.5833333333333335,1.7777777777777777,2.0,3.7222222222222223,2.0,9.222222222222221,3.611111111111111,3.0,2.0
1523640.0,4.638297872340425,1.6808510638297876,2.0,1.8936170212765957,2.0,9.936170212765958,4.851063829787234,4.553191489361703,2.0
1523721.0,2.3518518518518516,1.111111111111111,2.0,2.6296296296296293,2.0,10.629629629629628,2.1111111111111107,2.8148148148148144,2.0
1524280.0,4.0,2.0,2.0,3.0,2.0,10.0,4.0,4.0,2.0
1528045.0,1.5,2.0,2.0,2.0,2.0,1.0,2.0,2.0,2.0
1528333.0,4.824999999999999,1.65,2.0,2.4499999999999997,2.0,11.0,4.85,3.55,2.0
1529461.0,1.071236559139785,1.0026881720430108,2.0,4.868279569892473,2.0,6.161290322580646,1.010752688172043,1.2688172043010755,2.0
1531263.0,3.5,2.0,2.0,2.5,2.0,11.0,4.0,3.5,2.0
1532589.0,2.1999999999999997,1.3999999999999997,2.0,3.8,2.0,8.2,2.4999999999999996,1.9000000000000001,2.0
1534309.0,5.0,2.0,2.0,2.0,2.0,11.500000000000002,5.0,5.0,2.0
1535283.0,3.5,1.0,2.0,2.0,2.0,11.0,3.0,3.0,2.0
1536857.0,1.0,1.0,2.0,4.0,2.0,8.0,1.0,1.0,2.0
1537791.0,4.0,1.0,2.0,3.0,2.0,11.0,4.0,4.0,2.0
1538866.0,2.0,2.0,2.0,4.0,2.0,11.0,2.0,2.0,2.0
153892.0,3.8076923076923075,1.1538461538461537,2.0,3.3846153846153846,2.0,8.923076923076923,3.6153846153846154,3.0,2.0
15423.0,3.25,1.0,2.0,4.0,2.0,9.5,3.0,3.0,2.0
15434.0,1.0,2.0,2.0,5.0,2.0,11.0,1.0,5.0,2.0
1543910.0,2.0,1.0,2.0,5.0,2.0,8.0,1.0,4.0,2.0
15453.0,2.205128205128205,1.974358974358974,2.0,4.23076923076923,2.0,9.05128205128205,2.666666666666666,3.076923076923077,2.0
15458.0,2.815126050420168,1.5630252100840334,2.0,2.4873949579831924,2.0,9.554621848739494,2.5714285714285707,3.6134453781512605,2.0
1546495.0,5.0,1.0,2.0,2.0,2.0,8.0,5.0,5.0,2.0
15477.0,1.1666666666666667,1.3333333333333333,2.0,2.6666666666666665,2.0,8.666666666666666,1.3333333333333333,3.0,2.0
154775.0,3.6666666666666665,2.0,2.0,1.0,2.0,1.6666666666666667,3.6666666666666665,4.333333333333333,2.0
1548236.0,3.5,2.0,2.0,2.0,2.0,10.0,3.0,3.0,2.0
15502.0,3.669811320754717,1.5849056603773586,2.0,2.339622641509434,2.0,9.81132075471698,4.037735849056604,3.943396226415094,2.0
15503.0,4.5,1.0,2.0,2.0,2.0,11.0,5.0,5.0,2.0
1550792.0,5.0,2.0,2.0,3.0,2.0,11.0,5.0,4.0,2.0
1551121.0,3.02,1.36,2.0,4.44,2.0,6.4,2.84,3.72,2.0
15539.0,1.8734177215189873,1.6455696202531644,2.0,2.734177215189873,2.0,9.443037974683545,1.8987341772151898,2.3037974683544302,2.0
15540.0,4.333333333333333,1.6666666666666667,2.0,1.6666666666666667,2.0,9.166666666666666,4.333333333333333,3.3333333333333335,2.0
15548.0,4.27906976744186,1.930232558139535,2.0,2.2790697674418605,2.0,9.279069767441861,4.534883720930233,4.488372093023256,2.0
15551.0,4.5,2.0,2.0,3.0,2.0,11.0,5.0,5.0,2.0
15552.0,2.730769230769231,1.846153846153846,2.0,2.5384615384615383,2.0,9.923076923076923,2.4615384615384617,2.076923076923077,2.0
15560.0,1.5,2.0,2.0,4.0,2.0,10.0,2.0,2.0,2.0
1556843.0,4.166666666666666,2.0,2.0,2.333333333333333,2.0,11.5,4.333333333333333,4.666666666666666,2.0
1558166.0,4.769230769230769,1.5769230769230769,2.0,2.3846153846153846,2.0,9.557692307692308,4.6923076923076925,4.153846153846153,2.0
15582.0,4.083333333333334,1.8333333333333335,2.0,4.0,2.0,9.666666666666668,4.166666666666668,3.8333333333333335,2.0
15583.0,4.833333333333333,2.0,2.0,2.3333333333333335,2.0,11.333333333333334,5.0,3.0,2.0
15584.0,4.0,1.0,2.0,3.0,2.0,11.0,4.0,1.0,2.0
15585.0,2.2,1.8,2.0,1.8,2.0,10.0,1.4,3.0,2.0
15587.0,4.5,2.0,2.0,1.0,2.0,6.0,4.0,3.0,2.0
1559422.0,2.1111111111111116,1.6666666666666667,2.0,4.222222222222222,2.0,7.833333333333335,1.7777777777777781,1.2222222222222225,2.0
15595.0,4.888888888888889,1.6055555555555556,2.0,1.7055555555555555,2.0,8.022222222222224,4.883333333333333,4.5055555555555555,2.0
1561002.0,4.5,1.4285714285714286,2.0,3.0,2.0,11.428571428571429,4.0,5.0,2.0
1562110.0,4.0,2.0,2.0,2.3333333333333335,2.0,7.666666666666667,3.6666666666666665,4.333333333333333,2.0
1563955.0,5.0,2.0,2.0,1.25,2.0,10.25,5.0,5.0,2.0
1564096.0,1.0,1.0,2.0,5.0,2.0,6.0,1.0,1.0,2.0
1564107.0,3.9078947368421053,1.5789473684210527,2.0,2.763157894736842,2.0,10.552631578947368,4.078947368421052,3.105263157894737,2.0
15644.0,5.0,2.0,2.0,3.0,2.0,9.0,5.0,3.0,2.0
15689.0,5.0,2.0,2.0,4.0,2.0,2.0,5.0,5.0,2.0
1569063.0,1.9999999999999998,1.0,1.6666666666666665,3.833333333333333,2.0,9.833333333333332,1.6666666666666665,2.333333333333333,2.0
15694.0,4.3,1.0,2.0,3.4999999999999996,2.0,9.700000000000001,4.3,3.6999999999999993,2.0
15706.0,2.5,1.7142857142857142,2.0,4.428571428571429,2.0,8.5,2.2857142857142856,3.0,2.0
1571180.0,3.6666666666666665,1.0,2.0,3.3333333333333335,2.0,9.5,3.3333333333333335,3.6666666666666665,2.0
15717.0,4.833333333333333,2.0,2.0,2.5,2.0,10.166666666666666,5.0,4.666666666666667,2.0
1572854.0,5.0,2.0,2.0,1.0,2.0,10.0,5.0,5.0,2.0
15740.0,3.630188679245283,1.3849056603773586,2.0,2.8754716981132074,2.0,8.903773584905663,3.5283018867924527,3.3433962264150945,2.0
157581.0,5.0,2.0,2.0,1.0,2.0,12.0,5.0,5.0,2.0
1579408.0,5.0,2.0,2.0,3.0,2.0,5.0,5.0,5.0,2.0
15829.0,3.5,1.0,2.0,4.0,2.0,10.0,3.0,5.0,2.0
1586127.0,4.6875,1.625,2.0,2.25,2.0,8.75,5.0,4.5,2.0
15878.0,2.9615384615384617,1.0,2.0,2.6153846153846154,2.0,9.384615384615385,3.0,2.9230769230769234,2.0
1587858.0,5.0,2.0,2.0,1.0,2.0,12.0,5.0,5.0,2.0
15879.0,4.3580246913580245,1.7407407407407407,2.0,1.7407407407407407,2.0,9.530864197530866,4.234567901234568,4.7407407407407405,2.0
1589410.0,2.55,1.65,2.0,4.1,2.0,4.6,1.7000000000000002,1.5,2.0
159061.0,4.5,2.0,2.0,3.0,2.0,12.0,5.0,3.0,2.0
1591958.0,4.1923076923076925,1.7692307692307692,2.0,2.8461538461538463,2.0,10.846153846153847,3.8461538461538463,3.5384615384615383,2.0
1592533.0,3.615384615384616,1.0769230769230769,2.0,3.1794871794871797,2.0,9.17948717948718,3.8205128205128207,3.0769230769230766,2.0
1599367.0,5.0,1.8333333333333335,2.0,2.0,2.0,10.0,5.0,3.9999999999999996,2.0
1605069.0,4.5,2.0,2.0,2.0,2.0,10.0,4.0,5.0,2.0
1605174.0,4.785714285714286,1.476190476190476,1.7619047619047616,3.0,2.0,9.80952380952381,4.571428571428571,4.190476190476191,2.0
1610942.0,5.0,1.4375,2.0,2.8125,2.0,11.0625,5.0,3.25,2.0
1610958.0,2.3749999999999996,1.6999999999999997,2.0,2.525,2.0,9.5375,2.575,1.8750000000000002,2.0
16125.0,3.0,2.0,2.0,2.0,2.0,12.0,4.0,4.0,2.0
1615136.0,2.5,1.3333333333333333,2.0,3.0,2.0,8.666666666666666,2.6666666666666665,3.0,2.0
1616198.0,4.285714285714286,1.8571428571428572,2.0,2.7142857142857144,2.0,9.571428571428571,4.285714285714286,4.285714285714286,2.0
1617456.0,4.545454545454546,1.7272727272727273,2.0,1.8181818181818181,2.0,10.0,4.545454545454546,3.909090909090909,2.0
1618427.0,2.2874999999999996,1.5499999999999996,2.0,3.075,2.0,7.824999999999998,2.3249999999999997,2.8249999999999993,2.0
1618433.0,3.8333333333333335,1.6666666666666667,2.0,1.0,2.0,9.666666666666666,3.3333333333333335,3.3333333333333335,2.0
1618477.0,1.0,2.0,2.0,4.0,2.0,9.0,1.0,1.0,2.0
1618865.0,4.5,1.5,2.0,2.5,2.0,10.5,5.0,3.5,2.0
161991.0,4.5,2.0,2.0,2.5,2.0,11.0,4.0,4.0,2.0
1620043.0,5.0,1.0,2.0,3.0,2.0,1.0,5.0,4.0,2.0
1620327.0,5.0,2.0,2.0,4.0,2.0,12.0,5.0,4.0,2.0
1622135.0,2.717948717948718,2.0,2.0,5.0,2.0,2.3076923076923075,3.0,2.41025641025641,2.0
1624148.0,5.0,1.0,2.0,1.0,2.0,12.0,5.0,5.0,2.0
1626332.0,4.3,2.0,2.0,2.6,2.0,11.2,4.2,3.4,2.0
1626982.0,1.0,1.0,2.0,5.0,2.0,1.0,1.0,3.0,2.0
1627003.0,4.4411764705882355,1.1764705882352942,2.0,2.0588235294117645,2.0,9.0,4.529411764705882,4.0588235294117645,2.0
1628073.0,3.0,2.0,2.0,3.0,2.0,11.0,2.0,1.0,2.0
1631767.0,4.375,1.75,2.0,1.5,2.0,8.25,4.0,4.0,2.0
1636245.0,1.6086956521739129,1.7391304347826086,2.0,3.3043478260869565,2.0,3.826086956521739,1.7391304347826086,2.347826086956522,2.0
1637218.0,4.75,1.75,2.0,3.5,2.0,6.25,5.0,4.5,2.0
1639866.0,4.088235294117647,1.588235294117647,2.0,3.088235294117647,2.0,10.176470588235293,3.764705882352941,3.5,2.0
16435.0,1.0,1.0,2.0,4.0,2.0,10.0,1.0,1.0,2.0
16436.0,4.75,2.0,2.0,3.0,2.0,11.5,5.0,4.5,2.0
164556.0,4.5,1.3636363636363638,2.0,2.0909090909090913,2.0,9.954545454545455,4.2727272727272725,4.363636363636363,2.0
1650358.0,4.5,2.0,2.0,1.0,2.0,12.0,4.0,3.0,2.0
1652030.0,4.82,1.6,2.0,1.9200000000000004,2.0,9.559999999999999,4.68,4.4799999999999995,2.0
1652088.0,5.0,1.6666666666666667,2.0,3.6666666666666665,2.0,10.333333333333334,5.0,4.333333333333333,2.0
16532.0,5.0,1.4,2.0,2.6,2.0,9.0,5.0,4.4,2.0
16542.0,1.0051216389244557,1.1395646606914214,2.0,4.71190781049936,2.0,10.408450704225352,1.0051216389244557,2.9948783610755445,2.0
1654413.0,4.5,2.0,2.0,3.0,2.0,1.0,4.0,2.0,2.0
1654832.0,4.502016129032256,1.7983870967741933,2.0,1.7338709677419353,2.0,10.302419354838708,4.282258064516128,3.5604838709677415,2.0
1657788.0,4.833333333333333,1.6666666666666667,1.8333333333333333,1.3333333333333333,2.0,10.5,5.0,4.333333333333333,2.0
1657958.0,4.499999999999999,1.7368421052631577,2.0,2.8421052631578942,2.0,8.789473684210526,4.473684210526315,4.736842105263157,2.0
1657978.0,4.75,1.5,2.0,3.5,2.0,9.0,4.5,3.5,2.0
1658289.0,4.5,1.4,2.0,2.0,2.0,11.2,4.4,3.4,2.0
1659696.0,5.0,1.0,2.0,1.0,2.0,12.0,5.0,4.0,2.0
1659719.0,5.0,1.0,2.0,4.0,2.0,9.0,5.0,5.0,2.0
1660850.0,3.9,2.0,2.0,1.8,2.0,9.2,4.6,2.2,2.0
1663116.0,1.8495575221238938,2.0,2.0,3.946902654867256,2.0,6.495575221238937,1.4749262536873156,2.616519174041298,2.0
1663499.0,4.5,2.0,2.0,1.0,2.0,11.0,5.0,2.0,2.0
16642.0,4.391304347826086,2.0,2.0,1.9130434782608694,2.0,10.695652173913043,4.565217391304348,4.043478260869565,2.0
16645.0,4.25,1.5,2.0,4.0,2.0,6.0,4.0,4.5,2.0
1666025.0,4.666666666666667,2.0,2.0,3.1666666666666665,2.0,9.833333333333334,4.666666666666667,4.666666666666667,2.0
1669235.0,2.0,2.0,2.0,2.6666666666666665,2.0,7.333333333333333,2.0,2.0,2.0
1669444.0,4.0,2.0,2.0,4.0,2.0,7.0,4.0,3.0,2.0
1669913.0,3.5,2.0,2.0,3.0,2.0,12.0,3.0,3.0,2.0
1670808.0,4.428571428571429,1.2857142857142858,2.0,1.7857142857142858,2.0,10.178571428571429,4.357142857142857,3.9285714285714284,2.0
1670883.0,5.0,2.0,2.0,3.0,2.0,11.0,5.0,5.0,2.0
1671136.0,1.15,1.55,2.0,2.0,2.0,10.5,1.1,2.5500000000000003,2.0
1671522.0,4.0,1.8,2.0,2.2,2.0,10.8,3.4,3.0,2.0
1671607.0,5.0,1.0,2.0,1.0,2.0,12.0,5.0,5.0,2.0
1673315.0,1.0,2.0,2.0,5.0,2.0,7.0,1.0,4.0,2.0
1673655.0,4.7,1.4,2.0,2.0,2.0,9.6,4.4,4.8,2.0
1674036.0,4.5,2.0,2.0,3.0,2.0,1.0,4.0,3.0,2.0
1674402.0,4.0,2.0,2.0,3.0,2.0,11.0,4.0,3.0,2.0
1675068.0,4.25,2.0,2.0,3.0,2.0,10.0,4.5,5.0,2.0
1679024.0,4.4375,2.0,2.0,1.25,2.0,11.375,4.125,3.25,2.0
1681718.0,4.310344827586207,1.3793103448275863,2.0,2.4482758620689653,2.0,9.068965517241379,4.310344827586207,3.9655172413793105,2.0
16826.0,4.732142857142858,1.6785714285714288,2.0,1.535714285714286,2.0,9.892857142857144,4.821428571428572,4.2857142857142865,2.0
1683579.0,3.5,1.2222222222222223,2.0,2.5555555555555554,2.0,10.777777777777779,3.7777777777777777,2.4444444444444446,2.0
16836.0,5.0,2.0,2.0,1.0,2.0,11.0,5.0,3.0,2.0
1683664.0,1.0,2.0,2.0,4.0,2.0,8.0,1.0,1.0,2.0
1683880.0,4.0,2.0,2.0,2.0,2.0,12.0,4.0,3.0,2.0
1684331.0,4.5,2.0,2.0,2.5,2.0,10.5,4.5,2.0,2.0
1685082.0,4.5,2.0,2.0,3.0,2.0,11.0,5.0,5.0,2.0
1685783.0,2.5,1.0,2.0,2.0,2.0,12.0,2.0,2.0,2.0
1686702.0,4.666666666666667,1.6666666666666667,2.0,2.6666666666666665,2.0,9.333333333333334,4.5,4.666666666666667,2.0
1687106.0,4.321428571428571,1.3571428571428572,2.0,1.2857142857142858,2.0,9.714285714285714,4.071428571428571,4.0,2.0
1687115.0,4.0,1.0,2.0,3.0,2.0,11.0,5.0,4.0,2.0
1687316.0,1.0,1.0,2.0,5.0,2.0,9.0,1.0,5.0,2.0
1687542.0,5.0,2.0,2.0,4.0,2.0,5.0,5.0,4.0,2.0
1688740.0,2.973214285714286,1.7142857142857144,2.0,3.285714285714286,2.0,9.017857142857144,3.1428571428571437,3.142857142857143,2.0
1690048.0,3.0,2.0,2.0,4.0,2.0,9.0,2.0,4.0,2.0
1690107.0,1.5,2.0,2.0,2.0,2.0,12.0,2.0,3.0,2.0
169012.0,1.0,2.0,2.0,3.0,2.0,11.333333333333334,1.0,3.0,2.0
1692577.0,1.0,1.0,2.0,3.0,2.0,9.0,1.0,1.0,2.0
1694408.0,2.0,2.0,2.0,4.0,2.0,1.0,2.0,3.0,2.0
1696292.0,1.6944444444444444,1.3888888888888888,2.0,3.9722222222222223,2.0,9.5,1.2777777777777777,2.1111111111111107,2.0
1704575.0,4.3,1.8,2.0,2.2,2.0,10.7,4.2,3.4,2.0
1705979.0,2.21875,1.4999999999999998,2.0,3.3749999999999996,2.0,10.499999999999998,2.1874999999999996,2.4374999999999996,2.0
1707169.0,5.0,2.0,2.0,3.0,2.0,10.0,5.0,5.0,2.0
1707193.0,2.7065217391304346,1.0,2.0,3.0652173913043477,2.0,9.739130434782608,2.8478260869565215,3.6304347826086953,2.0
1708304.0,1.5,1.0,2.0,2.0,2.0,9.0,1.0,3.0,2.0
1709148.0,3.5,2.0,2.0,3.0,2.0,8.0,3.0,4.0,2.0
1713096.0,4.5,1.0,2.0,2.0,2.0,11.0,5.0,4.0,2.0
1714242.0,4.7894736842105265,1.5789473684210527,2.0,2.0526315789473686,2.0,10.947368421052632,4.578947368421052,4.421052631578948,2.0
1714974.0,2.6764705882352944,1.5441176470588236,2.0,3.3529411764705883,2.0,10.117647058823529,2.1911764705882355,2.9117647058823533,2.0
1716417.0,1.0,2.0,2.0,5.0,2.0,10.0,1.0,3.0,2.0
1717543.0,1.0,1.0,2.0,4.0,2.0,7.0,1.0,1.0,2.0
1719332.0,4.3,1.2000000000000002,2.0,1.6,2.0,10.4,4.4,2.2,2.0
1721826.0,5.0,2.0,2.0,3.0,2.0,12.0,5.0,4.0,2.0
172344.0,2.9166666666666665,1.3333333333333333,2.0,2.3333333333333335,2.0,10.583333333333334,2.6666666666666665,3.1666666666666665,2.0
172352.0,4.388888888888889,1.666666666666667,1.666666666666667,2.0,2.0,10.666666666666668,4.444444444444445,4.222222222222222,2.0
172355.0,2.75,1.5,2.0,4.5,2.0,7.5,3.0,4.0,2.0
17238.0,3.8333333333333335,1.6666666666666667,2.0,3.0,2.0,8.666666666666666,3.6666666666666665,1.6666666666666667,2.0
1726826.0,4.909090909090909,1.5909090909090908,2.0,1.2727272727272727,2.0,11.136363636363637,5.0,4.818181818181818,2.0
172832.0,4.5,1.0,2.0,3.0,2.0,8.0,5.0,1.0,2.0
1729421.0,4.75,1.0,2.0,3.0,2.0,10.0,4.5,3.5,2.0
1732790.0,4.5,2.0,2.0,3.0,2.0,11.0,4.0,4.0,2.0
17328.0,3.3040540540540544,1.3108108108108107,2.0,2.243243243243243,2.0,9.864864864864865,3.3783783783783785,3.135135135135135,2.0
17331.0,4.875,1.7500000000000002,2.0,2.5000000000000004,2.0,9.75,4.75,4.75,2.0
1733202.0,4.0,2.0,2.0,1.0,2.0,5.0,4.0,4.0,2.0
1733817.0,2.5,2.0,2.0,4.0,2.0,8.0,2.0,5.0,2.0
173422.0,1.0,2.0,2.0,5.0,2.0,8.0,1.0,5.0,2.0
173426.0,3.5,2.0,2.0,3.0,2.0,1.0,3.0,1.0,2.0
1740821.0,5.0,2.0,2.0,3.0,2.0,11.0,5.0,5.0,2.0
1742393.0,4.8,1.7333333333333334,2.0,1.9333333333333333,2.0,11.266666666666666,4.8,3.9333333333333336,2.0
1743406.0,4.820512820512822,1.8410256410256411,2.0,3.0051282051282056,2.0,6.117948717948718,4.651282051282052,3.815384615384615,2.0
1745901.0,2.0,1.0,2.0,4.0,2.0,12.0,2.0,2.0,2.0
1746308.0,3.269230769230769,1.576923076923077,2.0,3.9230769230769234,2.0,7.615384615384616,2.769230769230769,2.9615384615384617,2.0
1747596.0,4.5200000000000005,1.8800000000000001,2.0,2.72,2.0,11.52,4.5200000000000005,3.1600000000000006,2.0
1751641.0,1.7499999999999998,1.8548387096774193,2.0,3.3548387096774195,2.0,10.43548387096774,1.5,3.4999999999999996,2.0
1752863.0,4.5,2.0,2.0,1.0,2.0,12.0,4.0,4.0,2.0
175334.0,4.0,2.0,2.0,2.0,2.0,8.0,4.0,4.0,2.0
1753560.0,3.4375000000000004,1.5000000000000002,2.0,2.3125,2.0,10.15625,2.7499999999999996,2.8125,2.0
17561.0,4.555555555555555,1.5555555555555556,2.0,1.8333333333333333,2.0,8.944444444444445,4.555555555555555,4.277777777777778,2.0
1759626.0,4.0,1.2,2.0,2.0000000000000004,2.0,10.4,3.5999999999999996,4.2,2.0
17637.0,4.6,1.7333333333333334,2.0,3.6,2.0,7.4,4.733333333333333,4.733333333333333,2.0
1765536.0,3.75,2.0,2.0,2.25,2.0,10.5,2.75,3.75,2.0
1765538.0,3.138888888888889,1.3888888888888888,2.0,3.0555555555555554,2.0,7.277777777777778,3.0555555555555554,3.2777777777777777,2.0
1766088.0,1.9428571428571428,1.9714285714285718,2.0,2.3142857142857145,2.0,5.3999999999999995,1.7142857142857146,2.6285714285714286,2.0
1766149.0,1.0,2.0,2.0,5.0,2.0,11.0,1.0,1.0,2.0
1767538.0,3.75,1.5,2.0,3.0,2.0,11.5,3.5,4.5,2.0
1772510.0,4.0,1.0,2.0,3.0,2.0,9.0,4.0,3.0,2.0
1772892.0,4.699999999999999,1.2000000000000002,2.0,1.8000000000000003,2.0,10.4,4.3999999999999995,4.0,2.0
1774633.0,5.0,1.0,2.0,4.0,2.0,8.0,5.0,3.0,2.0
1774655.0,4.884615384615384,1.5,2.0,1.1153846153846154,2.0,11.423076923076922,4.884615384615384,4.884615384615384,2.0
1774673.0,4.833333333333333,1.5555555555555556,2.0,1.5555555555555556,2.0,10.0,4.888888888888889,4.333333333333333,2.0
1774766.0,3.235294117647059,1.5882352941176472,2.0,3.058823529411765,2.0,6.411764705882354,3.235294117647059,3.5294117647058822,2.0
1777885.0,3.2857142857142856,1.0,2.0,3.142857142857143,2.0,6.7142857142857135,3.0476190476190474,3.095238095238095,2.0
1777960.0,1.5,2.0,2.0,2.0,2.0,11.0,2.0,4.0,2.0
1778654.0,3.0,1.0,2.0,2.0,2.0,9.0,3.0,2.0,2.0
1780546.0,4.5,2.0,2.0,2.0,2.0,10.0,4.0,3.0,2.0
1780756.0,4.75,1.7142857142857142,2.0,2.5,2.0,8.928571428571429,4.642857142857143,4.571428571428571,2.0
1780862.0,5.0,1.4285714285714286,2.0,2.142857142857143,2.0,8.857142857142858,5.0,4.857142857142857,2.0
1780971.0,4.5,1.0,2.0,4.0,2.0,9.0,4.0,4.0,2.0
1783138.0,4.833333333333333,2.0,2.0,1.3333333333333333,2.0,10.666666666666666,4.666666666666667,2.6666666666666665,2.0
17845.0,1.7425742574257423,1.7722772277227725,2.0,4.168316831683168,2.0,6.49009900990099,1.6534653465346534,1.98019801980198,2.0
1785155.0,4.25,1.5,2.0,2.0,2.0,11.0,4.5,4.5,2.0
1786784.0,3.85,1.4,2.0,3.3,2.0,9.3,3.3,3.7,2.0
1786851.0,3.0,1.5,2.0,2.5,2.0,7.5,3.5,3.5,2.0
1790503.0,3.0,2.0,2.0,4.0,2.0,7.0,3.0,3.0,2.0
1790877.0,5.0,2.0,2.0,2.0,2.0,10.0,5.0,3.0,2.0
1790879.0,1.6538461538461537,2.0,2.0,2.3076923076923075,2.0,10.923076923076923,2.0,2.6153846153846154,2.0
1791116.0,2.5,2.0,2.0,2.0,2.0,9.0,2.0,3.0,2.0
1791136.0,3.8,1.52,2.0,2.36,2.0,8.879999999999999,3.56,2.2,2.0
1792224.0,4.0,2.0,2.0,5.0,2.0,9.0,4.0,3.0,2.0
1792228.0,1.8333333333333333,1.8333333333333333,2.0,4.333333333333333,2.0,8.0,1.8333333333333333,2.1666666666666665,2.0
1793276.0,3.5625,1.7499999999999998,2.0,1.625,2.0,11.375000000000002,3.6249999999999996,2.625,2.0
17937.0,3.571428571428571,1.4285714285714286,2.0,3.2857142857142865,2.0,7.214285714285714,3.5,3.5,2.0
1794466.0,3.5,2.0,1.0,2.0,2.0,12.0,4.0,4.0,2.0
1795326.0,4.0,2.0,2.0,1.0,2.0,9.666666666666666,4.0,4.666666666666667,2.0
1795877.0,1.6538461538461537,1.5384615384615383,2.0,4.461538461538462,2.0,7.0769230769230775,1.4615384615384617,3.0769230769230766,2.0
1796161.0,3.0,1.5,2.0,2.0,2.0,11.5,3.0,3.0,2.0
180243.0,4.5625,1.8333333333333333,2.0,2.2916666666666665,2.0,10.833333333333334,4.375,3.875,2.0
180308.0,4.25,1.0,2.0,2.0,2.0,10.5,4.0,3.5,2.0
1804432.0,3.3125,1.25,2.0,2.75,2.0,7.375,3.375,3.0,2.0
1806025.0,2.6666666666666665,1.6666666666666667,2.0,3.0,2.0,10.0,3.0,2.3333333333333335,2.0
1806563.0,3.5,2.0,2.0,3.0,2.0,10.0,3.0,4.0,2.0
1807625.0,3.5,2.0,2.0,1.0,2.0,11.0,3.0,5.0,2.0
1808082.0,5.0,2.0,2.0,1.5,2.0,11.75,5.0,5.0,2.0
1809210.0,4.256944444444445,1.4444444444444444,2.0,1.9305555555555556,2.0,9.437499999999998,4.354166666666667,3.7291666666666665,2.0
1810569.0,4.666666666666666,1.8,2.0,1.6,2.0,7.333333333333333,4.8,3.4666666666666672,2.0
1813545.0,2.8333333333333335,1.3333333333333333,2.0,3.6666666666666665,2.0,11.0,2.6666666666666665,2.0,2.0
18150.0,5.0,1.0,2.0,3.0,2.0,12.0,5.0,4.0,2.0
1815272.0,3.25,1.5,2.0,3.5,2.0,7.0,3.5,3.0,2.0
1815458.0,5.0,1.0,2.0,3.0,2.0,12.0,5.0,5.0,2.0
1819432.0,2.821942446043166,1.420863309352518,2.0,2.9496402877697845,2.0,9.492805755395683,2.7697841726618706,2.5755395683453237,2.0
1823716.0,2.0,2.0,2.0,3.0,2.0,8.0,2.0,2.0,2.0
1826126.0,3.5,1.6666666666666667,2.0,2.3333333333333335,2.0,7.333333333333333,3.3333333333333335,3.6666666666666665,2.0
1828679.0,3.0,1.6363636363636365,2.0,3.727272727272727,2.0,8.909090909090908,2.8181818181818183,4.0,2.0
1828684.0,4.824324324324325,1.6486486486486487,2.0,2.4864864864864864,2.0,10.432432432432432,4.891891891891892,3.6216216216216215,2.0
1830670.0,5.0,1.0,2.0,3.0,2.0,12.0,5.0,4.0,2.0
1830850.0,4.95,1.8,2.0,1.4,2.0,11.8,4.9,3.9,2.0
1832207.0,1.5333333333333334,1.4666666666666666,2.0,2.466666666666667,2.0,9.533333333333333,1.5333333333333334,4.066666666666666,2.0
1832575.0,3.8333333333333335,2.0,2.0,2.0,2.0,10.666666666666666,3.3333333333333335,3.6666666666666665,2.0
1833197.0,4.833333333333333,1.3333333333333333,2.0,2.6666666666666665,2.0,11.333333333333334,4.666666666666667,4.333333333333333,2.0
1833742.0,1.5,2.0,2.0,4.0,2.0,5.0,1.0,4.0,2.0
1833962.0,5.0,2.0,2.0,3.0,2.0,11.0,5.0,4.0,2.0
1834913.0,4.428571428571429,1.0,2.0,2.7142857142857144,2.0,12.0,4.428571428571429,5.0,2.0
1835692.0,5.000000000000002,1.142857142857143,2.0,1.9285714285714286,2.0,11.142857142857144,5.000000000000002,3.9285714285714293,2.0
1835980.0,5.0,1.0,2.0,2.0,2.0,12.0,5.0,3.0,2.0
1836850.0,3.375,1.7500000000000002,2.0,4.5,2.0,10.25,3.5000000000000004,1.7500000000000002,2.0
1836916.0,2.111111111111111,1.5555555555555556,2.0,4.333333333333333,2.0,10.11111111111111,1.4444444444444444,3.111111111111111,2.0
1839569.0,4.0,1.5,2.0,3.0,2.0,3.75,4.0,4.25,2.0
1839722.0,4.800000000000001,2.0,2.0,2.033333333333333,2.0,8.566666666666666,5.0,4.4,2.0
1839921.0,3.190789473684211,1.5263157894736843,2.0,3.7368421052631575,2.0,8.289473684210526,3.289473684210527,2.9078947368421053,2.0
1840104.0,5.0,1.0,2.0,1.0,2.0,12.0,5.0,5.0,2.0
1841021.0,3.764705882352941,1.911764705882353,2.0,3.0882352941176476,2.0,5.470588235294118,3.294117647058824,3.61764705882353,2.0
1841515.0,2.2580645161290325,1.3763440860215055,2.0,4.139784946236559,2.0,8.795698924731182,1.7204301075268817,2.247311827956989,2.0
1841965.0,3.8333333333333335,1.6666666666666667,2.0,3.6666666666666665,2.0,8.333333333333334,3.6666666666666665,3.3333333333333335,2.0
184275.0,1.25,2.0,2.0,3.0,2.0,6.5,1.0,1.5,2.0
184395.0,1.8125,1.625,2.0,4.25,2.0,8.25,2.125,2.75,2.0
1843971.0,2.7,2.0,2.0,2.0,2.0,7.4,2.8,2.8,2.0
1844707.0,4.9,1.8,2.0,3.0,2.0,11.6,5.0,3.6,2.0
1845611.0,3.8,1.4,2.0,2.6,2.0,8.8,3.8,3.6,2.0
1847344.0,2.7666666666666666,2.0,2.0,3.533333333333333,2.0,8.666666666666666,3.533333333333333,2.066666666666667,2.0
1849781.0,4.0,2.0,2.0,4.5,2.0,7.25,3.5,3.5,2.0
1850517.0,4.286184210526315,2.0,2.0,2.447368421052632,2.0,9.13157894736842,4.197368421052632,3.072368421052632,2.0
1850802.0,1.7613636363636362,1.3409090909090908,1.9090909090909087,4.272727272727272,2.0,6.0227272727272725,1.840909090909091,1.5909090909090906,2.0
1851190.0,2.875,1.5,2.0,2.5,2.0,9.75,2.5,2.5,2.0
1852232.0,4.124999999999999,1.0,2.0,2.0,2.0,11.374999999999998,3.6249999999999996,4.625,2.0
1852725.0,3.0,1.0,2.0,3.0,2.0,8.0,3.0,4.0,2.0
1854129.0,4.892857142857143,1.7857142857142858,2.0,2.142857142857143,2.0,11.357142857142858,4.785714285714286,4.071428571428571,2.0
1854620.0,4.833333333333333,2.0,2.0,2.0,2.0,11.0,4.666666666666667,4.0,2.0
18552.0,4.454545454545454,1.6363636363636362,2.0,3.545454545454545,2.0,10.272727272727273,4.727272727272727,4.2727272727272725,2.0
1856556.0,3.8333333333333344,1.8666666666666667,2.0,2.2,2.0,9.0,3.4666666666666672,3.6,2.0
1856634.0,1.7096774193548387,2.0,2.0,4.258064516129032,2.0,7.774193548387097,1.4193548387096775,1.6774193548387097,2.0
1856987.0,2.0,1.6666666666666667,2.0,4.083333333333333,2.0,9.833333333333334,1.9166666666666667,4.333333333333333,2.0
1857165.0,2.91358024691358,1.5185185185185188,2.0,2.419753086419753,2.0,7.17283950617284,2.6172839506172845,2.506172839506173,2.0
1857241.0,4.5,2.0,2.0,2.6666666666666665,2.0,10.666666666666666,4.666666666666667,3.6666666666666665,2.0
1857823.0,4.833333333333334,1.4444444444444446,2.0,1.777777777777778,2.0,10.777777777777779,4.666666666666667,3.0000000000000004,2.0
185785.0,1.5714285714285712,2.0,2.0,4.571428571428571,2.0,2.4285714285714284,1.5714285714285712,3.1428571428571423,2.0
1858891.0,1.5,2.0,2.0,4.0,2.0,10.0,1.0,1.0,2.0
1859249.0,4.25,2.0,2.0,3.5,2.0,9.5,4.0,4.0,2.0
1859251.0,1.5,2.0,2.0,3.0,2.0,10.0,1.0,1.0,2.0
1859350.0,2.8333333333333335,1.5,2.0,4.166666666666667,2.0,8.5,2.6666666666666665,3.0,2.0
1859518.0,3.1666666666666665,1.3333333333333333,2.0,1.6666666666666667,2.0,10.0,2.6666666666666665,2.0,2.0
1859615.0,2.8205128205128207,1.4871794871794872,2.0,3.435897435897436,2.0,8.17948717948718,2.8461538461538467,2.58974358974359,2.0
1860476.0,2.749999999999999,2.0,2.0,3.40625,2.0,11.374999999999998,2.8749999999999996,2.8437499999999996,2.0
1861540.0,4.0,1.0,2.0,2.0,2.0,10.0,4.0,4.0,2.0
1861674.0,3.909090909090909,1.1818181818181819,2.0,3.090909090909091,2.0,9.909090909090908,3.1818181818181817,3.3636363636363638,2.0
1861682.0,5.0,1.0,2.0,2.714285714285715,2.0,11.285714285714286,5.0,4.714285714285714,2.0
1861986.0,2.0,1.0,2.0,4.0,2.0,9.0,2.0,3.0,2.0
1863221.0,4.2,2.0,2.0,2.0,2.0,10.4,4.2,3.6,2.0
1866501.0,4.0,1.9166666666666667,2.0,2.0,2.0,8.833333333333334,4.0,3.5,2.0
1866587.0,5.0,1.0,1.0,3.0,2.0,10.0,5.0,5.0,1.0
1867215.0,3.1,1.4,2.0,3.2,2.0,9.4,3.0,3.4,2.0
1867226.0,4.928571428571429,1.4285714285714286,2.0,2.4285714285714284,2.0,11.142857142857142,4.857142857142857,3.857142857142857,2.0
1868166.0,3.6666666666666665,1.8333333333333333,2.0,3.0,2.0,10.0,3.6666666666666665,3.3333333333333335,2.0
1869191.0,3.0,1.8,2.0,3.4,2.0,5.7,2.4,2.2,2.0
1869502.0,5.0,2.0,2.0,1.0,2.0,12.0,5.0,4.333333333333333,2.0
1870631.0,3.5,1.0,2.0,4.0,2.0,8.0,3.0,5.0,2.0
1871232.0,4.125,1.5,2.0,2.5,2.0,9.0,3.75,3.0,2.0
1871278.0,1.0,1.0,2.0,2.0,2.0,10.0,1.0,4.0,2.0
1872623.0,1.0,1.0,2.0,5.0,2.0,11.0,1.0,3.0,2.0
1872640.0,5.0,2.0,2.0,3.0,2.0,10.0,5.0,4.769230769230769,2.0
1872959.0,4.0,1.0,2.0,1.0,2.0,5.0,4.0,5.0,2.0
1873189.0,3.1666666666666665,1.6666666666666665,2.0,2.1666666666666665,2.0,11.166666666666666,2.6666666666666665,2.0,2.0
1873306.0,4.0,1.0,2.0,2.0,2.0,10.0,4.0,4.0,2.0
1873845.0,2.5476190476190474,2.0,2.0,4.190476190476191,2.0,9.238095238095237,2.3333333333333335,2.4285714285714284,2.0
1875268.0,3.1666666666666665,1.222222222222222,2.0,1.7777777777777777,2.0,9.5,3.3333333333333335,3.5555555555555554,2.0
1875923.0,3.25,1.625,2.0,3.25,2.0,9.875,3.0,3.5000000000000004,2.0
1876405.0,3.0,1.0,2.0,2.0,2.0,11.0,3.0,3.0,2.0
1877355.0,5.0,1.0,2.0,2.0,2.0,10.0,5.0,5.0,2.0
1878074.0,3.272727272727273,1.6363636363636365,2.0,3.1818181818181817,2.0,7.909090909090909,3.272727272727273,3.090909090909091,2.0
1878227.0,2.1911764705882355,1.4117647058823528,2.0,3.7058823529411766,2.0,10.588235294117647,1.7941176470588234,3.323529411764706,2.0
1878582.0,4.999999999999999,2.0,2.0,1.6468401486988848,2.0,11.353159851301115,4.999999999999999,4.022304832713755,2.0
1878705.0,5.0,1.0,2.0,1.0,2.0,9.0,5.0,5.0,2.0
1878760.0,2.0,1.0,2.0,4.0,2.0,8.0,2.0,1.0,2.0
1878794.0,1.5,2.0,2.0,4.0,2.0,7.5,1.0,1.0,2.0
1879065.0,3.5,1.0,2.0,4.0,2.0,12.0,3.0,4.0,2.0
1879371.0,3.1250000000000004,1.0,2.0,1.0833333333333335,2.0,11.541666666666668,3.3750000000000004,2.375,2.0
1881275.0,4.2,2.0,2.0,2.0,2.0,9.933333333333334,3.933333333333333,3.533333333333333,2.0
1882000.0,5.0,2.0,2.0,3.0,2.0,10.0,5.0,5.0,2.0
1882484.0,4.5,1.0,2.0,1.6666666666666667,2.0,8.333333333333334,4.666666666666667,3.0,2.0
1883418.0,4.666666666666667,1.0,2.0,3.0,2.0,9.000000000000002,4.666666666666667,4.833333333333333,2.0
1884267.0,5.0,2.0,2.0,1.0,2.0,10.0,5.0,5.0,2.0
1884739.0,2.1,1.0,2.0,2.0,2.0,8.9,2.3,4.15,2.0
1885395.0,4.0,2.0,2.0,1.0,2.0,11.0,5.0,4.0,2.0
1885396.0,5.0,2.0,2.0,3.0,2.0,11.5,5.0,5.0,2.0
1885398.0,5.0,2.0,2.0,1.0,2.0,12.0,5.0,5.0,2.0
1885399.0,5.0,1.0,1.3333333333333333,2.3333333333333335,2.0,12.0,5.0,4.333333333333333,2.0
1885641.0,4.833333333333333,1.0,2.0,2.0,2.0,11.333333333333334,4.666666666666667,4.666666666666667,2.0
1886061.0,3.5,2.0,2.0,3.0,2.0,8.0,3.0,2.0,2.0
1886516.0,5.0,2.0,2.0,3.0,2.0,11.0,5.0,3.0,2.0
1886859.0,2.5,2.0,2.0,3.0,2.0,12.0,2.0,4.0,2.0
1887935.0,4.0,2.0,2.0,4.0,2.0,1.0,4.0,3.0,2.0
188805.0,3.6666666666666665,1.5833333333333333,2.0,2.75,2.0,11.0,3.75,3.9166666666666665,2.0
1889177.0,3.1363636363636362,1.3636363636363635,2.0,3.8181818181818183,2.0,6.363636363636363,3.272727272727273,3.1818181818181817,2.0
188952.0,1.0,1.0,2.0,1.0,2.0,12.0,1.0,1.0,2.0
1889827.0,4.5,1.0,2.0,3.0,2.0,10.5,4.0,3.0,2.0
1890210.0,5.0,1.0,2.0,2.0,2.0,8.0,5.0,4.0,2.0
1890962.0,2.5,2.0,2.0,3.0,2.0,1.0,2.0,1.0,2.0
1891297.0,1.0,2.0,2.0,2.0,2.0,11.0,1.0,4.0,2.0
1892945.0,4.239583333333334,1.0,2.0,3.020833333333334,2.0,10.489583333333334,3.96875,3.979166666666667,2.0
1893954.0,3.8,1.6,2.0,2.6,2.0,10.6,3.4,4.2,2.0
1895668.0,5.0,1.0,2.0,2.0,2.0,1.0,5.0,4.0,2.0
1897048.0,1.7692307692307692,1.7692307692307692,2.0,4.076923076923077,2.0,11.0,1.6923076923076923,2.4615384615384617,2.0
1897154.0,1.5,2.0,2.0,5.0,2.0,1.0,1.0,1.0,2.0
1898364.0,4.5,1.0,2.0,2.0,2.0,8.25,4.5,4.75,2.0
1900494.0,4.583333333333334,1.1666666666666667,2.0,1.3333333333333335,2.0,1.0,4.500000000000001,4.333333333333334,2.0
1902545.0,5.0,1.0,2.0,1.0,2.0,11.0,5.0,4.0,2.0
1903884.0,4.5,2.0,2.0,3.0,2.0,8.0,4.0,4.0,2.0
1906600.0,2.3,2.0,2.0,4.4,2.0,9.0,2.2,2.6,2.0
1906710.0,1.0,1.6666666666666667,2.0,4.333333333333333,2.0,11.0,1.0,1.0,2.0
1906965.0,5.0,2.0,2.0,1.4,2.0,3.0,5.0,4.8,2.0
1909649.0,2.28125,1.4375000000000002,2.0,3.75,2.0,8.031250000000002,1.8125,2.5625,2.0
1909917.0,5.0,1.3333333333333333,2.0,2.3333333333333335,2.0,9.0,5.0,3.0,2.0
1912698.0,3.5,2.0,2.0,4.0,2.0,5.666666666666667,3.3333333333333335,3.0,2.0
1912705.0,2.3,2.0,2.0,3.0,2.0,10.2,2.6,2.8,2.0
1912804.0,4.875000000000001,1.9166666666666665,2.0,3.0000000000000004,2.0,7.333333333333334,5.000000000000001,4.500000000000001,2.0
1913225.0,2.857142857142857,1.4285714285714286,2.0,4.0,2.0,2.5714285714285716,2.7142857142857144,3.571428571428571,2.0
1915556.0,5.0,2.0,2.0,1.5263157894736843,2.0,9.578947368421053,5.0,5.0,2.0
1917820.0,5.0,2.0,2.0,2.0,2.0,1.0,5.0,5.0,2.0
1918104.0,4.9375,1.875,2.0,2.0,2.0,11.5,5.0,3.8749999999999996,2.0
1918327.0,5.0,2.0,2.0,3.0,2.0,12.0,5.0,4.0,2.0
1918447.0,4.59375,1.8125,1.8125,2.125,2.0,9.6875,4.8125,4.5625,2.0
1919405.0,4.7105263157894735,1.0,2.0,2.473684210526316,2.0,7.3157894736842115,4.526315789473685,2.8947368421052637,2.0
1919646.0,4.25,2.0,2.0,2.5,2.0,10.0,4.0,4.0,2.0
1919880.0,3.3333333333333335,1.6666666666666667,2.0,3.6666666666666665,2.0,5.666666666666667,2.0,3.3333333333333335,2.0
1920570.0,4.954545454545454,1.6363636363636365,2.0,2.1818181818181817,2.0,8.181818181818182,5.0,4.545454545454546,2.0
1920825.0,3.1666666666666665,1.0,2.0,1.5,2.0,10.166666666666666,2.666666666666667,4.500000000000001,2.0
1920844.0,3.0833333333333335,1.0,2.0,2.166666666666667,2.0,10.833333333333336,3.0000000000000004,4.0,2.0
1921614.0,2.1045918367346936,1.4931972789115646,1.9574829931972788,4.345238095238095,2.0,5.496598639455781,2.0697278911564627,2.4064625850340136,2.0
1921691.0,4.75,1.5416666666666667,2.0,2.625,2.0,10.083333333333334,4.875,3.4166666666666665,2.0
1922436.0,1.4,2.0,2.0,4.6,2.0,5.2,1.2000000000000002,1.8000000000000003,2.0
1922738.0,5.0,1.0,1.0,1.0,2.0,10.0,5.0,5.0,2.0
1924225.0,5.0,2.0,1.0,2.0,2.0,10.0,5.0,4.0,2.0
1924708.0,4.0,1.0,2.0,3.0,2.0,11.0,4.0,1.0,2.0
1925040.0,3.222222222222222,1.4444444444444444,2.0,1.1111111111111112,2.0,12.0,2.6666666666666665,2.3333333333333335,2.0
1925201.0,2.3125000000000004,1.0,2.0,4.25,2.0,6.0,2.375,1.7499999999999998,2.0
1925211.0,4.708530805687204,2.0,2.0,1.4928909952606633,2.0,10.308056872037914,4.4170616113744074,4.620853080568721,2.0
1925213.0,4.666666666666667,2.0,2.0,2.3333333333333335,2.0,9.333333333333334,4.666666666666667,4.333333333333333,2.0
1927091.0,4.5,1.6666666666666667,2.0,1.3333333333333333,2.0,3.6666666666666665,4.666666666666667,2.6666666666666665,2.0
1927093.0,4.0,2.0,2.0,1.0,2.0,1.0,3.0,3.0,2.0
1927607.0,3.5,2.0,2.0,3.0,2.0,8.0,3.0,2.0,2.0
1928360.0,3.5,1.6666666666666667,2.0,4.0,2.0,10.0,4.0,3.6666666666666665,2.0
1928705.0,3.0,2.0,2.0,3.0,2.0,11.0,3.0,4.0,2.0
1928859.0,4.0,2.0,2.0,3.0,2.0,11.0,4.0,5.0,2.0
1928860.0,2.8333333333333335,1.6666666666666667,2.0,2.0,2.0,11.0,2.0,3.0,2.0
1929263.0,4.552631578947367,1.5789473684210529,2.0,1.894736842105263,2.0,10.526315789473685,4.6842105263157885,3.736842105263157,2.0
1930097.0,1.0,1.210526315789474,2.0,3.105263157894737,2.0,8.789473684210526,1.0,1.5263157894736843,2.0
1930330.0,3.3333333333333335,1.6666666666666667,2.0,1.6666666666666667,2.0,11.666666666666666,2.6666666666666665,3.6666666666666665,2.0
1934260.0,3.5000000000000004,1.7619047619047623,2.0,3.1428571428571432,2.0,10.095238095238098,3.666666666666667,3.904761904761905,2.0
193509.0,3.25,1.25,2.0,2.0,2.0,8.5,3.5,2.25,2.0
1937899.0,4.7727272727272725,1.0,2.0,2.5454545454545454,2.0,7.0,5.0,4.545454545454545,2.0
1939594.0,1.7222222222222223,1.0,2.0,3.888888888888889,2.0,10.444444444444445,1.0,2.3333333333333335,2.0
1939648.0,3.0,2.0,2.0,3.0,2.0,10.0,3.0,4.0,2.0
1942050.0,3.9166666666666665,1.5,2.0,3.0833333333333335,2.0,4.833333333333333,3.9166666666666665,3.5,2.0
1942476.0,3.6666666666666665,2.0,2.0,2.3333333333333335,2.0,4.666666666666667,3.3333333333333335,4.666666666666667,2.0
1942538.0,4.3999999999999995,2.0,2.0,3.6,2.0,11.200000000000001,4.533333333333334,4.133333333333334,2.0
1942779.0,4.676470588235294,1.6470588235294117,2.0,2.6764705882352944,2.0,11.352941176470589,4.676470588235294,4.647058823529412,2.0
1943493.0,4.375,2.0,2.0,2.5,2.0,6.625,4.0,4.25,2.0
1943496.0,3.5,1.0,2.0,4.0,2.0,1.0,4.0,3.0,2.0
1944606.0,4.9642857142857135,2.0,2.0,2.982142857142857,2.0,11.517857142857142,4.982142857142858,4.517857142857143,2.0
1945516.0,4.0,1.6333333333333333,2.0,1.8333333333333333,2.0,11.233333333333333,4.033333333333333,2.966666666666667,2.0
1945841.0,4.0,2.0,2.0,1.0,2.0,12.0,4.0,4.0,2.0
1948393.0,3.9895833333333335,1.3055555555555556,2.0,2.8124999999999996,2.0,10.597222222222221,4.111111111111111,4.159722222222221,2.0
1950506.0,1.9903846153846154,1.0,2.0,3.9326923076923075,2.0,7.9230769230769225,1.9134615384615385,2.4326923076923075,2.0
1950650.0,4.5,2.0,2.0,2.0,2.0,12.0,4.0,5.0,2.0
1950870.0,4.0,1.4838709677419355,2.0,2.967741935483871,2.0,10.516129032258064,4.483870967741935,3.0,2.0
1950902.0,5.0,2.0,2.0,3.0,2.0,11.0,5.0,4.0,2.0
1952139.0,3.458333333333333,1.5,2.0,3.25,2.0,1.8333333333333335,2.916666666666667,3.2499999999999996,2.0
1953308.0,4.0,2.0,2.0,4.0,2.0,10.0,4.0,4.0,2.0
1953371.0,4.333333333333333,1.5,2.0,2.333333333333333,2.0,10.166666666666668,4.333333333333333,3.5,2.0
1956161.0,4.0,1.5,2.0,1.0,2.0,11.0,3.5,4.0,2.0
1956477.0,4.409090909090908,2.0,2.0,1.8181818181818181,2.0,10.727272727272727,4.181818181818181,3.9090909090909087,2.0
1959319.0,4.5,1.6666666666666667,2.0,3.6666666666666665,2.0,9.5,4.333333333333333,4.666666666666667,2.0
1959739.0,1.0,2.0,2.0,2.0,2.0,11.0,1.0,1.0,2.0
1960833.0,4.916666666666667,2.0,2.0,1.0833333333333335,2.0,11.916666666666668,4.833333333333333,4.833333333333333,2.0
1961520.0,1.0,2.0,2.0,5.0,2.0,12.0,1.0,4.333333333333333,2.0
1963488.0,3.3,1.4,2.0,3.6000000000000005,2.0,2.9999999999999996,3.2,3.0000000000000004,2.0
1964002.0,2.7142857142857144,1.4285714285714286,2.0,3.4285714285714284,2.0,9.0,2.7142857142857144,3.2857142857142856,2.0
1964163.0,2.3125,1.5624999999999998,2.0,3.75,2.0,7.937499999999999,1.9374999999999998,2.5624999999999996,2.0
1964471.0,4.5,1.0,2.0,3.0,2.0,9.0,4.0,3.0,2.0
1964789.0,4.470588235294118,2.0,2.0,2.7058823529411766,2.0,10.352941176470589,4.529411764705882,4.764705882352941,2.0
1965088.0,1.9,1.2,2.0,3.0,2.0,7.4,1.4,2.4,2.0
1966967.0,2.9999999999999996,2.0,2.0,3.631578947368421,2.0,9.105263157894736,2.0,1.7368421052631577,2.0
1968438.0,1.0,2.0,2.0,5.0,2.0,1.0,1.0,1.0,2.0
1969618.0,4.863636363636363,1.0,2.0,3.454545454545454,2.0,11.454545454545453,4.727272727272727,3.5454545454545454,2.0
1971900.0,4.954545454545454,1.909090909090909,2.0,2.6363636363636362,2.0,6.636363636363637,4.909090909090909,4.090909090909091,2.0
1972236.0,4.375,1.375,2.0,2.125,2.0,10.25,4.0,3.625,2.0
1973357.0,2.583333333333334,1.1666666666666667,2.0,3.8333333333333335,2.0,5.500000000000001,2.166666666666667,1.666666666666667,2.0
1973359.0,4.750000000000001,1.0,2.0,1.8333333333333335,2.0,8.333333333333334,4.500000000000001,3.0000000000000004,2.0
1974005.0,3.0,2.0,2.0,4.0,2.0,11.0,3.0,3.0,2.0
1976321.0,4.0,2.0,2.0,3.0,2.0,11.0,4.0,4.0,2.0
1976865.0,4.625,1.25,2.0,3.0,2.0,2.5,4.75,4.25,2.0
1977217.0,3.8333333333333335,2.0,2.0,2.5833333333333335,2.0,11.416666666666666,3.3333333333333335,4.0,2.0
1977862.0,4.333333333333333,1.4285714285714286,2.0,2.1904761904761907,2.0,9.404761904761905,4.333333333333333,3.5714285714285716,2.0
1978527.0,4.0,1.0,2.0,4.0,2.0,11.0,3.0,5.0,2.0
1979132.0,1.2322580645161292,1.3419354838709678,2.0,4.709677419354839,2.0,5.074193548387098,1.2193548387096775,1.438709677419355,2.0
1979136.0,3.3333333333333335,1.3333333333333333,2.0,3.0,2.0,4.0,2.6666666666666665,2.6666666666666665,2.0
1979903.0,4.5,2.0,2.0,1.0,2.0,10.0,5.0,5.0,2.0
1979950.0,4.428571428571429,2.0,2.0,1.5714285714285714,2.0,10.857142857142858,4.428571428571429,3.0,2.0
1980995.0,4.5,2.0,2.0,2.0,2.0,1.0,4.0,4.0,2.0
1982995.0,2.0,2.0,2.0,3.0,2.0,10.0,1.5,2.5,2.0
1983206.0,3.8529411764705883,1.1176470588235294,2.0,2.7058823529411766,2.0,7.647058823529412,3.705882352941177,3.2941176470588234,2.0
1986288.0,5.0,2.0,2.0,4.0,2.0,12.0,5.0,4.0,2.0
1987052.0,2.5,2.0,2.0,3.0,2.0,1.0,2.0,5.0,2.0
1987681.0,5.0,1.0,2.0,3.0,2.0,11.0,5.0,4.0,2.0
1989506.0,1.847826086956522,2.0,2.0,4.217391304347827,2.0,1.0,1.3043478260869565,1.608695652173913,2.0
1990769.0,2.0,1.0,2.0,2.0,2.0,11.0,2.0,1.0,2.0
1996016.0,3.0,2.0,2.0,4.0,2.0,11.0,3.0,4.0,2.0
1996121.0,3.375,2.0,2.0,4.25,2.0,9.25,3.5000000000000004,3.5000000000000004,2.0
1996212.0,4.0,2.0,2.0,3.666666666666667,2.0,11.0,4.0,3.3333333333333335,2.0
1996458.0,4.75,1.5,2.0,2.0,2.0,11.5,5.0,4.0,2.0
1997634.0,2.0,1.5,2.0,5.0,2.0,9.25,1.75,2.75,2.0
1998001.0,4.0,1.0,2.0,2.0,2.0,10.0,3.0,4.0,2.0
1998041.0,4.214285714285714,2.0,2.0,2.428571428571429,2.0,6.285714285714286,3.8571428571428577,2.7142857142857144,2.0
2000504.0,4.75,2.0,2.0,2.3333333333333335,2.0,10.333333333333334,4.666666666666667,4.333333333333333,2.0
2000906.0,3.0,2.0,2.0,2.0,2.0,11.0,3.0,5.0,2.0
2001588.0,2.5,2.0,2.0,4.0,2.0,11.0,2.0,3.0,2.0
2002939.0,4.071428571428572,1.8571428571428577,2.0,3.0000000000000004,2.0,10.428571428571429,4.142857142857143,4.0,2.0
2004613.0,3.6290322580645165,1.5161290322580645,2.0,2.741935483870968,2.0,10.03225806451613,3.8709677419354844,3.8709677419354844,2.0
2005527.0,1.5,2.0,2.0,5.0,2.0,7.0,2.0,2.0,2.0
2006064.0,5.0,2.0,2.0,1.0,2.0,10.989010989010989,5.0,5.0,2.0
2007287.0,4.15,1.5,2.0,2.9,2.0,9.6,3.8,3.7,2.0
2010338.0,1.0,1.0,2.0,5.0,2.0,1.0,1.0,1.0,2.0
2010342.0,1.0,1.0,2.0,2.0,2.0,12.0,1.0,2.0,2.0
2011203.0,4.5,2.0,2.0,3.0,2.0,9.5,4.5,4.0,2.0
2012306.0,5.0,2.0,2.0,1.0,2.0,12.0,5.0,4.0,2.0
2013636.0,5.0,2.0,2.0,3.0,2.0,10.0,5.0,4.0,2.0
2013764.0,4.5,2.0,2.0,1.0,2.0,11.0,5.0,3.0,2.0
2014897.0,3.75,2.0,2.0,3.5,2.0,9.0,3.5,3.5,2.0
2015388.0,1.909090909090909,2.0,2.0,4.333333333333333,2.0,6.606060606060606,1.6363636363636362,1.3939393939393938,2.0
2019139.0,1.5,1.0,2.0,4.0,2.0,10.0,2.0,3.0,2.0
2020780.0,1.0,1.0,2.0,5.0,2.0,8.0,1.0,1.0,2.0
2021454.0,2.0,1.0,2.0,4.0,2.0,1.0,1.0,5.0,2.0
2022956.0,4.708333333333334,1.5,2.0,2.1666666666666665,2.0,11.541666666666666,4.583333333333334,4.208333333333334,2.0
2026209.0,5.0,1.0,2.0,3.0,2.0,11.0,5.0,3.0,2.0
2026346.0,5.0,2.0,2.0,3.0,2.0,9.0,5.0,3.0,2.0
2028446.0,5.0,2.0,2.0,1.5,2.0,11.5,5.0,5.0,2.0
2029027.0,1.4,1.2,2.0,4.2,2.0,7.4,1.8,1.2,2.0
2029938.0,4.812499999999999,2.0,2.0,2.9999999999999996,2.0,4.749999999999999,4.625,5.0,2.0
2030083.0,4.833333333333333,1.0,2.0,1.6666666666666667,2.0,7.0,5.0,5.0,2.0
2031619.0,2.5,2.0,2.0,1.0,2.0,11.0,2.0,4.0,2.0
2033747.0,4.333333333333333,1.0,2.0,3.3333333333333335,2.0,10.333333333333334,3.6666666666666665,5.0,2.0
2036651.0,4.0,1.0,2.0,2.0,2.0,12.0,4.0,3.0,2.0
2036962.0,2.0,2.0,1.0,3.0,2.0,10.0,1.0,2.0,2.0
2037932.0,4.75,1.5,2.0,2.0,2.0,6.5,5.0,4.0,2.0
2038133.0,4.0,1.0,2.0,3.0,2.0,10.0,4.0,3.0,2.0
2040468.0,4.565217391304348,1.8695652173913042,2.0,1.4347826086956523,2.0,9.826086956521738,4.130434782608695,3.347826086956522,2.0
2041358.0,4.5,2.0,2.0,3.0,2.0,9.0,4.0,4.0,2.0
2042814.0,4.0,2.0,2.0,3.0,2.0,1.0,4.0,4.0,2.0
2044858.0,4.0,2.0,2.0,2.0,2.0,10.0,4.0,4.0,2.0
20452.0,3.2857142857142856,1.5714285714285714,2.0,3.5714285714285716,2.0,9.0,3.4285714285714284,2.7142857142857144,2.0
2045440.0,3.611111111111112,2.0,2.0,1.777777777777778,2.0,7.333333333333335,3.6666666666666674,4.4444444444444455,2.0
2045875.0,1.8333333333333333,1.6666666666666667,2.0,5.0,2.0,5.666666666666667,2.3333333333333335,3.0,2.0
2046238.0,1.53125,1.0625,2.0,4.75,2.0,6.0,1.5,2.9375,2.0
2047719.0,4.7,1.6,2.0,3.0,2.0,9.0,4.6,4.0,2.0
2048973.0,3.25,1.5,2.0,3.5,2.0,8.0,3.0,2.5,2.0
2049052.0,4.0,1.5,2.0,2.0,2.0,11.5,4.0,4.0,2.0
2049463.0,4.270833333333333,1.6666666666666665,2.0,2.6249999999999996,2.0,9.541666666666666,4.041666666666666,4.499999999999999,2.0
2049656.0,2.5,1.6666666666666667,2.0,2.6666666666666665,2.0,9.333333333333334,1.3333333333333333,2.0,2.0
2051483.0,1.875,1.0,2.0,2.0,2.0,11.25,1.5,2.25,2.0
2051689.0,1.0,2.0,2.0,5.0,2.0,1.0,1.0,1.0,2.0
2056413.0,1.7419354838709675,1.193548387096774,2.0,4.67741935483871,2.0,5.774193548387096,1.5483870967741933,1.9032258064516128,2.0
2057457.0,5.0,1.6666666666666667,2.0,2.3333333333333335,2.0,8.333333333333334,5.0,5.0,2.0
205831.0,2.0,2.0,2.0,4.0,2.0,12.0,2.0,3.0,2.0
2060080.0,4.551020408163265,1.4829931972789114,2.0,2.965986394557823,2.0,9.034013605442176,4.551020408163265,4.258503401360544,2.0
2060255.0,3.3333333333333335,2.0,2.0,2.0,2.0,4.666666666666667,3.3333333333333335,3.3333333333333335,2.0
2064260.0,4.0,2.0,2.0,2.0,2.0,12.0,4.0,5.0,2.0
2066787.0,4.401639344262295,1.7459016393442623,2.0,3.188524590163934,2.0,9.147540983606557,4.614754098360656,4.450819672131147,2.0
2066840.0,2.5,2.0,2.0,3.0,2.0,9.0,3.0,1.0,2.0
2067344.0,1.25,1.0,2.0,4.625,2.0,9.125,1.125,2.125,2.0
2068940.0,1.5,2.0,2.0,4.0,2.0,1.0,1.0,2.0,2.0
2071329.0,4.598591549295774,1.619718309859155,2.0,1.619718309859155,2.0,10.239436619718308,4.732394366197183,4.464788732394366,2.0
2072066.0,4.785714285714286,1.5714285714285714,2.0,1.4285714285714286,2.0,10.428571428571429,4.571428571428571,4.142857142857143,2.0
2072835.0,5.0,2.0,2.0,1.0,2.0,10.333333333333334,5.0,3.6666666666666665,2.0
2076713.0,3.0,2.0,2.0,4.0,2.0,10.0,3.0,5.0,2.0
2077916.0,4.5,1.5,2.0,2.264705882352941,2.0,6.352941176470587,4.294117647058823,2.705882352941176,2.0
2083048.0,2.5,1.0,2.0,3.0,2.0,9.0,1.0,2.0,2.0
2083819.0,4.5,1.0,2.0,3.6666666666666665,2.0,10.166666666666666,4.5,4.333333333333333,2.0
2083984.0,2.8181818181818175,1.4545454545454544,2.0,3.2727272727272725,2.0,8.636363636363635,2.3636363636363638,2.454545454545454,2.0
2084651.0,4.7,2.0,2.0,1.5000000000000002,2.0,10.200000000000001,4.7,4.800000000000001,2.0
2084764.0,2.65625,1.1874999999999998,2.0,3.0000000000000004,2.0,9.812499999999998,2.4375,2.6875000000000004,2.0
2084825.0,3.9,1.8,2.0,3.2,2.0,7.0,4.0,3.0,2.0
2085214.0,5.0,1.0,2.0,2.0,2.0,12.0,5.0,3.0,2.0
2088880.0,5.0,2.0,2.0,1.0,2.0,11.363636363636363,5.0,4.181818181818181,2.0
2088992.0,5.0,1.0,2.0,1.0,2.0,10.0,5.0,5.0,2.0
2089039.0,3.5,2.0,2.0,2.0,2.0,1.0,3.0,4.0,2.0
2089885.0,3.875,1.25,2.0,3.75,2.0,8.75,3.75,4.5,2.0
2090450.0,4.5,1.0,2.0,3.0,2.0,12.0,5.0,5.0,2.0
2091403.0,2.1,2.0,2.0,3.4,2.0,9.4,1.8,1.2,2.0
2091412.0,4.0,1.0,2.0,2.0,2.0,11.0,4.0,3.0,2.0
2092067.0,5.0,2.0,2.0,1.0,2.0,9.0,5.0,5.0,2.0
2094199.0,1.5,1.0,2.0,5.0,2.0,7.0,1.0,2.0,2.0
2095193.0,3.5,2.0,2.0,2.0,2.0,12.0,3.0,5.0,2.0
2098592.0,4.166666666666667,2.0,2.0,2.4,2.0,11.666666666666668,3.4,4.0,2.0
2099784.0,4.2,1.6999999999999997,2.0,3.0999999999999996,2.0,9.999999999999998,4.3999999999999995,3.0,2.0
2099818.0,5.0,1.0,2.0,1.0,2.0,11.0,5.0,4.0,2.0
2099864.0,4.0,2.0,2.0,2.0,2.0,9.0,4.0,3.0,2.0
2100472.0,4.0,2.0,2.0,2.0,2.0,12.0,4.0,5.0,2.0
2100669.0,1.0,1.3333333333333333,2.0,3.6666666666666665,2.0,1.0,1.0,1.6666666666666667,2.0
2101655.0,4.0,1.0,2.0,2.0,2.0,11.0,4.0,3.0,2.0
2102133.0,3.1666666666666665,1.0,2.0,2.3333333333333335,2.0,10.333333333333334,3.0,2.3333333333333335,2.0
2102377.0,4.833333333333333,2.0,2.0,2.6666666666666665,2.0,10.666666666666666,5.0,5.0,2.0
2102613.0,3.0,2.0,2.0,2.0,2.0,10.0,3.0,4.0,2.0
2103327.0,4.0,2.0,2.0,3.0,2.0,9.0,5.0,3.0,2.0
2105317.0,1.5,2.0,2.0,4.0,2.0,1.0,1.0,1.0,2.0
2105499.0,5.0,2.0,2.0,4.0,2.0,10.0,5.0,5.0,2.0
2107901.0,4.4375,1.75,2.0,1.5,2.0,3.625,4.375,4.125,2.0
2108264.0,4.0,2.0,2.0,3.0,2.0,6.0,5.0,4.0,2.0
2110241.0,5.0,2.0,2.0,3.0,2.0,11.0,5.0,4.0,2.0
2118404.0,5.0,2.0,2.0,3.0,2.0,1.0,5.0,4.0,2.0
213433.0,5.0,1.5,2.0,1.0,2.0,11.0,5.0,5.0,2.0
21371.0,1.5,2.0,2.0,4.5,2.0,9.75,2.0,3.0,2.0
21372.0,1.7902542372881356,1.5296610169491525,2.0,4.711864406779661,2.0,7.531779661016948,1.8749999999999998,2.2838983050847457,2.0
227360.0,3.423076923076923,1.3846153846153846,2.0,1.9230769230769231,2.0,11.23076923076923,3.5384615384615383,4.230769230769231,2.0
229532.0,1.5,2.0,2.0,4.0,2.0,9.0,1.0,3.0,2.0
229536.0,2.3333333333333335,1.0,2.0,3.6666666666666665,2.0,10.666666666666666,2.3333333333333335,3.3333333333333335,2.0
230633.0,4.428571428571429,1.5714285714285714,2.0,1.0,2.0,12.0,4.428571428571429,4.428571428571429,2.0
232123.0,4.5,1.4,2.0,3.0,2.0,8.8,4.6,4.0,2.0
233495.0,4.0,1.0,2.0,4.0,2.0,8.0,4.0,4.0,2.0
23377.0,3.590909090909091,1.6363636363636362,2.0,3.6363636363636367,2.0,8.227272727272728,3.9090909090909087,4.636363636363637,2.0
23378.0,2.0,1.0,2.0,1.0,2.0,11.0,2.0,3.0,2.0
235711.0,4.857142857142857,1.1428571428571428,2.0,1.4285714285714286,2.0,11.571428571428571,5.0,3.0,2.0
235716.0,2.172413793103448,2.0,2.0,4.206896551724137,2.0,8.827586206896552,1.7586206896551722,4.068965517241379,2.0
235854.0,5.0,2.0,2.0,2.0,2.0,10.0,5.0,5.0,2.0
23633.0,3.0,2.0,2.0,4.0,2.0,12.0,4.0,1.0,2.0
23635.0,5.0,2.0,2.0,1.0,2.0,10.5,5.0,5.0,2.0
24057.0,3.1363636363636362,1.5909090909090908,2.0,3.727272727272727,2.0,9.363636363636363,3.227272727272727,3.590909090909091,2.0
241984.0,1.6999999999999997,2.0,2.0,3.9,2.0,1.9999999999999998,1.9999999999999998,1.7,2.0
243955.0,4.319444444444443,1.472222222222222,2.0,1.7222222222222219,2.0,9.805555555555554,4.527777777777776,3.472222222222221,2.0
24501.0,1.0,2.0,2.0,5.0,2.0,4.0,1.0,1.0,2.0
24502.0,2.0,2.0,2.0,3.0,2.0,6.0,2.0,3.0,2.0
24503.0,4.5,1.6666666666666667,2.0,2.6666666666666665,2.0,9.666666666666666,4.0,4.666666666666667,2.0
24505.0,4.25,2.0,2.0,2.0,2.0,9.5,4.25,4.25,2.0
24506.0,4.5,2.0,2.0,3.0,2.0,10.0,4.0,5.0,2.0
246205.0,2.6000000000000005,2.0,2.0,4.1000000000000005,2.0,7.600000000000001,2.900000000000001,2.5,2.0
246930.0,3.6428571428571432,1.2857142857142856,2.0,2.0000000000000004,2.0,7.142857142857142,3.8571428571428577,3.8571428571428577,2.0
24839.0,4.5,1.5,2.0,2.0,2.0,11.0,4.5,3.5,2.0
251170.0,3.2821428571428575,1.692857142857143,2.0,3.192857142857143,2.0,8.72857142857143,3.1071428571428577,3.192857142857143,2.0
253495.0,1.75,2.0,2.0,4.0,2.0,8.0,1.5,1.5,2.0
25359.0,5.0,2.0,2.0,3.0,2.0,9.0,5.0,5.0,2.0
25400.0,4.8076923076923075,1.5384615384615383,2.0,3.0,2.0,10.076923076923075,4.846153846153846,4.3076923076923075,2.0
254317.0,5.0,2.0,2.0,1.0,2.0,12.0,5.0,5.0,2.0
255884.0,3.362745098039216,1.196078431372549,2.0,1.7058823529411766,2.0,8.568627450980392,3.5686274509803924,2.6666666666666665,2.0
256544.0,4.555555555555555,1.1111111111111112,2.0,1.8888888888888888,2.0,10.11111111111111,4.111111111111111,5.0,2.0
258180.0,3.625,1.5,2.0,2.5,2.0,10.5,3.75,2.75,2.0
25821.0,3.458333333333333,1.7916666666666665,2.0,3.333333333333334,2.0,9.541666666666666,3.75,3.8333333333333335,2.0
25848.0,3.4545454545454546,1.9090909090909092,2.0,3.5454545454545454,2.0,9.318181818181818,3.272727272727273,3.5454545454545454,2.0
259072.0,3.2142857142857144,1.0,2.0,1.0,2.0,11.0,3.7142857142857144,2.142857142857143,2.0
260096.0,3.0,1.5,2.0,3.5,2.0,7.75,3.5,1.0,2.0
262759.0,1.5,2.0,2.0,5.0,2.0,6.0,2.0,4.0,2.0
26285.0,4.0,2.0,2.0,3.0,2.0,7.0,4.0,5.0,2.0
264690.0,5.0,2.0,2.0,3.0,2.0,11.0,5.0,3.0,2.0
265281.0,2.5,2.0,2.0,3.0,2.0,10.0,3.0,4.0,2.0
2668995.0,1.8793103448275863,1.8275862068965518,2.0,3.5862068965517246,2.0,5.9655172413793105,1.896551724137931,2.206896551724139,2.0
26738.0,1.5625,1.625,2.0,3.5,2.0,8.0625,1.375,1.5,2.0
269081.0,5.0,2.0,2.0,3.0,2.0,6.0,5.0,4.0,2.0
272303.0,2.0,1.25,2.0,4.0,2.0,7.0,2.0,2.0,2.0
274833.0,4.8,1.7999999999999998,2.0,2.9,2.0,10.1,4.699999999999999,1.7999999999999996,2.0
27534.0,2.75,2.0,2.0,4.666666666666667,2.0,8.166666666666668,2.166666666666667,2.8333333333333335,2.0
275806.0,4.321428571428572,1.7142857142857144,2.0,1.5714285714285716,2.0,11.642857142857144,4.428571428571429,3.5714285714285716,2.0
27598.0,4.15,2.0,2.0,3.3500000000000005,2.0,8.700000000000001,4.550000000000001,4.050000000000001,2.0
27610.0,4.5,1.0,2.0,2.0,2.0,10.0,4.0,5.0,2.0
27612.0,1.5,1.75,2.0,4.5,2.0,4.375,1.625,1.75,2.0
27615.0,3.0,2.0,2.0,4.0,2.0,12.0,4.0,3.0,2.0
276317.0,1.7910447761194028,1.3134328358208955,2.0,1.7462686567164176,2.0,8.388059701492537,1.5074626865671639,3.0447761194029845,2.0
27779.0,4.3,1.0,2.0,1.2,2.0,11.2,4.0,2.8,2.0
27790.0,5.0,1.3333333333333333,2.0,2.3333333333333335,2.0,9.333333333333334,5.0,3.8333333333333335,2.0
277968.0,3.0833333333333335,2.0,2.0,4.0,2.0,9.083333333333332,3.3333333333333335,3.5833333333333335,2.0
27882.0,4.333333333333333,1.3333333333333333,2.0,2.0,2.0,12.0,4.333333333333333,3.6666666666666665,2.0
27886.0,1.5,2.0,2.0,5.0,2.0,5.5,1.0,4.0,2.0
27888.0,4.7,1.6,2.0,3.0,2.0,5.6,4.8,4.4,2.0
279501.0,4.554054054054054,1.6216216216216217,2.0,2.6486486486486487,2.0,9.216216216216216,4.783783783783784,4.108108108108108,2.0
28045.0,1.0,2.0,2.0,5.0,2.0,10.0,1.0,4.0,2.0
28281.0,4.1,1.28,2.0,2.96,2.0,8.76,3.84,4.12,2.0
284150.0,4.6875,1.625,2.0,2.625,2.0,8.75,4.375,4.375,2.0
289849.0,3.4642857142857135,1.3571428571428572,2.0,2.9285714285714284,2.0,8.571428571428573,3.4285714285714284,3.214285714285714,2.0
29732.0,3.8000000000000003,2.0,2.0,2.1,2.0,10.1,3.5,2.6,2.0
297563.0,4.083333333333333,1.5,2.0,3.1666666666666665,2.0,11.0,3.8333333333333335,4.166666666666667,2.0
298378.0,3.5714285714285716,1.0,2.0,2.4285714285714284,2.0,11.0,3.5714285714285716,2.4285714285714284,2.0
300337.0,1.9999999999999996,1.6363636363636362,2.0,4.363636363636363,2.0,3.1818181818181817,2.0909090909090904,2.4545454545454546,2.0
30436.0,4.5,2.0,2.0,3.0,2.0,9.0,5.0,4.0,2.0
30730.0,3.3333333333333335,1.3333333333333333,2.0,3.3333333333333335,2.0,10.333333333333334,3.0,3.3333333333333335,2.0
30733.0,4.5,1.0,2.0,3.0,2.0,11.0,4.5,4.0,2.0
308209.0,2.5454545454545454,1.5454545454545454,2.0,4.2727272727272725,2.0,10.272727272727273,3.0,5.0,2.0
309587.0,3.0,1.6,2.0,1.8,2.0,11.2,2.4,2.2,2.0
309599.0,2.0,2.0,2.0,1.0,2.0,12.0,1.0,1.0,2.0
312463.0,1.4044943820224718,1.3089887640449438,2.0,4.573033707865169,2.0,4.039325842696629,1.4550561797752808,1.3370786516853934,2.0
312675.0,2.0,2.0,2.0,4.0,2.0,7.0,2.0,1.0,2.0
312728.0,3.6484375000000004,1.65625,2.0,2.8125,2.0,9.5625,3.421875,2.9999999999999996,2.0
31289.0,4.8125,2.0,2.0,1.875,2.0,11.0,4.625,4.25,2.0
312991.0,1.0,2.0,2.0,3.0,2.0,9.0,1.0,4.0,2.0
313592.0,3.596491228070176,1.2982456140350875,2.0,2.7719298245614032,2.0,7.9035087719298245,3.8421052631578947,3.5438596491228074,2.0
31415.0,4.1,1.6,2.0,3.0,2.0,5.8,3.8,4.2,2.0
316167.0,3.0,2.0,2.0,3.0,2.0,10.0,5.0,4.0,2.0
316171.0,3.5,1.0,2.0,3.0,2.0,9.0,3.0,2.0,2.0
31718.0,5.0,2.0,2.0,4.0,2.0,12.0,5.0,5.0,2.0
318001.0,5.0,1.7,2.0,2.8,2.0,10.0,5.0,4.7,2.0
319447.0,2.9166666666666665,1.6666666666666667,2.0,3.3333333333333335,2.0,9.5,2.8333333333333335,3.3333333333333335,2.0
321259.0,3.625,1.875,2.0,3.625,2.0,10.0,3.875,3.375,2.0
321386.0,5.0,2.0,2.0,1.0,2.0,10.0,5.0,4.0,2.0
326236.0,3.0,2.0,2.0,4.0,2.0,11.0,3.0,4.0,2.0
326893.0,3.3333333333333335,1.0,2.0,3.0,2.0,9.333333333333334,3.3333333333333335,1.0,2.0
32707.0,3.5,1.75,2.0,3.5,2.0,7.75,3.25,4.125,2.0
327881.0,3.0,2.0,2.0,2.0,2.0,6.0,3.0,3.0,2.0
327883.0,1.75,1.5,2.0,4.0,2.0,9.0,1.5,1.5,2.0
328769.0,4.0,2.0,2.0,2.528735632183908,2.0,9.149425287356323,4.0,4.0,2.0
33020.0,3.75,1.0,2.0,2.75,2.0,11.25,2.5,4.75,2.0
331858.0,4.124999999999999,1.0,2.0,2.75,2.0,1.875,3.375,4.0,2.0
332540.0,4.25,1.8333333333333333,2.0,2.3333333333333335,2.0,11.166666666666666,3.8333333333333335,4.5,2.0
332636.0,4.0,1.5,2.0,1.5,2.0,10.0,4.0,2.5,2.0
332771.0,4.0,2.0,2.0,3.0,2.0,11.0,3.0,4.0,2.0
332805.0,4.3999999999999995,1.6799999999999997,2.0,2.32,2.0,8.999999999999998,4.56,3.8,2.0
333374.0,5.0,1.5,2.0,2.5,2.0,11.0,5.0,4.5,2.0
33377.0,3.2105263157894735,1.9473684210526316,2.0,2.8421052631578947,2.0,10.105263157894736,2.684210526315789,4.0,2.0
33378.0,3.5625,1.875,2.0,2.5,2.0,9.75,3.125,3.0,2.0
333857.0,1.0,1.0,2.0,5.0,2.0,1.0,1.0,3.0,2.0
338126.0,3.59375,1.6250000000000002,2.0,3.1875,2.0,8.5625,3.5625,2.5624999999999996,2.0
33925.0,2.0,2.0,2.0,3.0,2.0,7.5,2.0,5.0,2.0
33927.0,3.3333333333333335,1.6666666666666667,2.0,2.5,2.0,9.333333333333334,3.5,4.0,2.0
34164.0,3.0,1.0,2.0,2.5,2.0,10.5,3.5,4.5,2.0
344784.0,4.785714285714286,1.6507936507936507,2.0,1.8015873015873018,2.0,9.948412698412698,4.765873015873017,4.496031746031746,2.0
345339.0,4.857142857142857,1.0,2.0,4.0,2.0,10.142857142857142,4.857142857142857,4.999999999999999,2.0
347299.0,3.5,2.0,2.0,3.0,2.0,9.0,3.0,1.0,2.0
350547.0,1.0,2.0,2.0,4.0,2.0,7.5,1.0,2.0,2.0
350572.0,3.5,2.0,2.0,1.0,2.0,12.0,4.0,3.0,2.0
350941.0,2.0,2.0,2.0,3.0,2.0,8.0,2.0,2.0,2.0
352409.0,4.0,1.4285714285714286,2.0,2.4285714285714284,2.0,10.142857142857142,3.5714285714285716,3.4285714285714284,2.0
352893.0,3.0238095238095237,1.1904761904761905,2.0,1.5238095238095237,2.0,11.142857142857142,2.142857142857143,3.1904761904761907,2.0
353115.0,2.96875,1.625,2.0,2.875,2.0,8.8125,2.6875,2.8125,2.0
354189.0,4.3076923076923075,1.3076923076923077,2.0,2.4615384615384617,2.0,11.0,4.384615384615385,4.3076923076923075,2.0
354869.0,1.0,2.0,2.0,2.0,2.0,11.0,1.0,5.0,2.0
355511.0,4.5,2.0,2.0,2.0,2.0,12.0,4.0,4.0,2.0
355512.0,4.5,1.25,2.0,3.25,2.0,8.500000000000002,4.250000000000001,4.0,2.0
355628.0,4.25,2.0,2.0,2.5,2.0,10.0,3.5,4.0,2.0
35626.0,4.090909090909091,1.9090909090909092,2.0,2.5454545454545454,2.0,8.272727272727273,4.0,4.181818181818182,2.0
356959.0,1.6666666666666667,2.0,2.0,4.333333333333333,2.0,4.333333333333333,2.0,2.3333333333333335,2.0
362283.0,1.75,2.0,2.0,5.0,2.0,8.25,1.0,1.5,2.0
365250.0,4.0,2.0,2.0,4.0,2.0,11.0,4.0,2.0,2.0
365850.0,3.5333333333333337,2.0,2.0,3.8666666666666663,2.0,8.8,3.5333333333333337,3.9333333333333336,2.0
371162.0,2.5,1.0,2.0,4.0,2.0,9.0,2.0,1.0,2.0
371729.0,4.5,2.0,2.0,1.0,2.0,12.0,5.0,3.0,2.0
37174.0,2.5,2.0,2.0,3.0,2.0,10.75,1.75,4.0,2.0
373230.0,4.0,2.0,2.0,2.0,2.0,11.0,5.0,2.0,2.0
373945.0,4.166666666666667,1.3333333333333333,2.0,3.0,2.0,6.333333333333333,4.333333333333333,2.6666666666666665,2.0
37395.0,4.458333333333332,1.8333333333333333,2.0,1.6666666666666665,2.0,9.999999999999996,4.25,3.999999999999999,2.0
376638.0,4.3500000000000005,1.5999999999999999,2.0,2.0,2.0,8.000000000000002,4.7,4.1,2.0
376642.0,3.4375,1.4375,2.0,2.6875,2.0,9.375,3.1875,3.6874999999999996,2.0
376645.0,4.875,2.0,2.0,2.375,2.0,10.75,4.875,4.75,2.0
38263.0,4.39922480620155,1.6046511627906979,2.0,2.7131782945736433,2.0,9.829457364341087,4.674418604651163,4.224806201550388,2.0
383278.0,4.5,1.0,2.0,4.0,2.0,8.0,4.0,4.0,2.0
383321.0,4.1,1.0,2.0,2.8,2.0,9.6,3.8,2.4,2.0
38743.0,3.375,2.0,1.6666666666666667,2.8333333333333335,2.0,8.166666666666666,3.5833333333333335,3.25,1.6666666666666667
388331.0,3.125,2.0,2.0,2.75,2.0,9.75,2.75,3.25,2.0
39186.0,1.3888888888888888,1.1111111111111112,2.0,3.6666666666666665,2.0,6.222222222222222,1.3333333333333333,2.111111111111111,2.0
392278.0,3.1666666666666665,1.1666666666666667,2.0,3.166666666666667,2.0,9.666666666666668,3.0000000000000004,4.000000000000001,2.0
39239.0,4.0,2.0,2.0,3.25,2.0,6.75,3.5,4.0,2.0
394798.0,5.0,2.0,2.0,1.0,2.0,12.0,5.0,5.0,2.0
39527.0,4.571428571428572,1.4285714285714286,2.0,2.3626373626373636,2.0,9.714285714285715,4.593406593406595,4.252747252747253,2.0
39612.0,2.789333333333334,1.44,2.0,4.2986666666666675,2.0,8.365333333333334,3.344,2.9306666666666663,2.0
397479.0,2.625,1.75,2.0,3.5,2.0,5.75,2.25,2.5,2.0
397763.0,3.5,1.0,2.0,3.0,2.0,1.0,3.0,5.0,2.0
39796.0,1.0,2.0,2.0,4.0,2.0,8.0,1.0,1.0,2.0
40411.0,4.0,2.0,2.0,2.0,2.0,12.0,4.0,3.0,2.0
40734.0,2.5352112676056335,1.232394366197183,1.9366197183098595,3.281690140845071,2.0,8.56338028169014,2.9225352112676055,3.584507042253521,2.0
41331.0,1.852941176470588,1.2352941176470587,2.0,4.529411764705882,2.0,11.235294117647058,1.4705882352941175,2.0588235294117645,2.0
41683.0,4.333333333333333,1.6666666666666667,2.0,2.1666666666666665,2.0,11.0,4.333333333333333,3.3333333333333335,2.0
420886.0,3.857142857142857,1.0,2.0,1.4285714285714286,2.0,11.285714285714286,5.0,2.0,2.0
421220.0,4.076923076923077,1.3076923076923077,2.0,3.6923076923076925,2.0,10.76923076923077,4.0,3.1538461538461537,2.0
42416.0,2.8571428571428568,1.0,2.0,4.714285714285714,2.0,11.857142857142858,2.4285714285714284,2.4285714285714284,2.0
42423.0,4.833333333333333,1.6666666666666667,2.0,1.3333333333333333,2.0,11.666666666666666,5.0,4.666666666666667,2.0
42425.0,1.4722222222222223,1.0,2.0,5.0,2.0,7.055555555555555,1.9444444444444442,3.0,2.0
424908.0,3.7000000000000006,1.7200000000000002,2.0,3.3600000000000003,2.0,6.4,3.6399999999999997,4.0,2.0
42621.0,4.142857142857142,1.1428571428571428,2.0,1.2857142857142856,2.0,11.0,4.999999999999999,3.285714285714285,2.0
43332.0,4.0,2.0,2.0,4.0,2.0,11.0,5.0,5.0,2.0
434139.0,2.051948051948052,1.7337662337662338,2.0,4.461038961038962,2.0,4.662337662337663,1.9155844155844157,2.772727272727273,2.0
43780.0,1.5427350427350428,1.4700854700854702,2.0,4.085470085470086,2.0,9.290598290598293,1.6410256410256412,2.8547008547008548,2.0
440175.0,4.5,1.0,2.0,2.0,2.0,1.0,4.0,4.0,2.0
441744.0,2.0,2.0,2.0,4.0,2.0,9.0,1.0,2.0,2.0
441746.0,5.0,1.0,2.0,1.0,2.0,11.0,5.0,4.0,2.0
442752.0,2.772727272727273,1.0909090909090908,2.0,3.7272727272727266,2.0,6.636363636363636,2.272727272727272,4.2727272727272725,2.0
444333.0,1.0,1.3076923076923077,2.0,4.115384615384615,2.0,3.9615384615384617,1.0,1.8076923076923073,2.0
447759.0,4.0,2.0,2.0,3.0,2.0,12.0,4.0,5.0,2.0
44861.0,3.75,1.0,2.0,4.5,2.0,10.5,3.5,3.0,2.0
44862.0,3.964285714285715,1.642857142857143,2.0,2.2142857142857144,2.0,10.571428571428573,3.9285714285714297,4.214285714285715,2.0
450103.0,4.75,1.0,2.0,2.0,2.0,11.0,5.0,4.0,2.0
453396.0,1.0,2.0,2.0,1.0,2.0,5.0,1.0,5.0,2.0
453624.0,1.0,2.0,2.0,3.0,2.0,11.0,1.0,1.0,2.0
45519.0,4.0,2.0,2.0,2.0,2.0,10.0,4.0,4.0,2.0
456167.0,5.0,2.0,2.0,3.0,2.0,11.0,5.0,4.0,2.0
457293.0,2.5,2.0,2.0,1.0,2.0,9.0,2.0,3.0,2.0
458073.0,4.045454545454546,1.2727272727272727,2.0,2.6666666666666665,2.0,8.969696969696969,3.727272727272727,3.303030303030303,2.0
458732.0,3.5217391304347827,1.434782608695652,2.0,2.5217391304347827,2.0,8.73913043478261,3.391304347826087,4.173913043478261,2.0
458758.0,4.5,2.0,2.0,2.0,2.0,8.0,4.0,3.0,2.0
459617.0,4.5,1.0,2.0,3.25,2.0,9.75,4.75,4.0,2.0
459644.0,2.5,2.0,2.0,4.0,2.0,11.0,3.0,4.0,2.0
459703.0,4.812499999999999,1.8749999999999998,2.0,2.75,2.0,6.374999999999999,4.999999999999999,4.124999999999999,2.0
460441.0,5.0,1.0,2.0,3.0,2.0,12.0,5.0,3.0,2.0
461611.0,4.5588235294117645,1.3529411764705883,2.0,1.6470588235294117,2.0,8.117647058823527,4.823529411764705,4.176470588235294,2.0
461664.0,4.0,1.0,2.0,2.0,2.0,11.0,3.0,3.0,2.0
463668.0,4.8,1.6,2.0,2.6,2.0,8.6,4.8,4.6,2.0
465107.0,3.888059701492537,1.8955223880597014,1.9850746268656716,3.5970149253731343,2.0,7.149253731343284,4.1940298507462686,3.343283582089552,2.0
465161.0,4.392857142857143,1.7857142857142858,2.0,2.2142857142857144,2.0,11.0,4.0,4.571428571428571,2.0
465294.0,4.108196721311476,1.7442622950819673,2.0,2.095081967213115,2.0,10.409836065573773,4.065573770491803,3.891803278688525,2.0
466307.0,4.0,1.0,2.0,2.0,2.0,11.0,3.0,5.0,2.0
467295.0,2.625,1.0,2.0,1.5,2.0,10.0,2.5,4.0,2.0
467823.0,2.1666666666666665,2.0,2.0,2.6666666666666665,2.0,7.666666666666667,2.3333333333333335,3.0,2.0
46830.0,4.00909090909091,1.9454545454545455,1.9454545454545455,2.0,2.0,10.1,3.781818181818182,3.2000000000000006,2.0
46831.0,3.04,1.8,2.0,3.04,2.0,9.64,2.68,2.84,2.0
47024.0,3.0,2.0,2.0,3.3333333333333335,2.0,9.333333333333334,2.3333333333333335,3.0,2.0
471719.0,3.6666666666666665,1.6666666666666667,2.0,3.0,2.0,4.666666666666667,3.3333333333333335,4.0,2.0
473238.0,5.0,2.0,2.0,2.3333333333333335,2.0,11.0,5.0,4.666666666666667,2.0
474134.0,2.996376811594203,1.565217391304348,2.0,2.3913043478260865,2.0,8.27536231884058,2.9130434782608696,3.485507246376812,2.0
47414.0,5.0,2.0,2.0,2.0,2.0,12.0,5.0,4.0,2.0
47427.0,4.5,2.0,2.0,1.0,2.0,12.0,5.0,5.0,2.0
474428.0,3.1684782608695654,1.9891304347826086,1.9021739130434783,2.8804347826086953,2.0,9.228260869565217,2.8913043478260874,3.1195652173913047,2.0
474755.0,4.409090909090908,1.2727272727272727,2.0,3.5454545454545454,2.0,11.181818181818182,5.0,3.7272727272727266,2.0
474918.0,4.214285714285714,1.8571428571428572,2.0,2.7142857142857144,2.0,9.714285714285714,3.7142857142857144,3.142857142857143,2.0
476145.0,3.5714285714285716,1.1428571428571428,2.0,4.857142857142857,2.0,5.142857142857142,4.142857142857142,2.2857142857142856,2.0
477187.0,4.75,1.5,2.0,1.0,2.0,5.5,4.5,5.0,2.0
479645.0,1.4500000000000002,2.0,1.6,4.8,2.0,5.6,1.6,1.2000000000000002,2.0
483235.0,1.0,2.0,2.0,5.0,2.0,10.0,1.0,5.0,2.0
483902.0,4.857142857142857,1.8571428571428572,2.0,2.4285714285714284,2.0,10.857142857142858,4.714285714285714,4.714285714285714,2.0
48587.0,1.0,1.0,2.0,5.0,2.0,1.0,1.0,1.0,2.0
486520.0,5.0,2.0,2.0,4.0,2.0,12.0,5.0,5.0,2.0
490664.0,1.4545454545454546,1.727272727272727,2.0,4.181818181818182,2.0,10.363636363636363,1.3636363636363635,1.909090909090909,2.0
492615.0,4.75,1.0,2.0,2.5,2.0,8.0,4.5,4.5,2.0
497537.0,3.090909090909091,1.3181818181818181,1.3181818181818181,2.090909090909091,2.0,8.954545454545455,2.409090909090909,2.409090909090909,2.0
503512.0,5.0,2.0,2.0,2.0,2.0,10.0,5.0,3.0,2.0
503648.0,1.5,2.0,2.0,4.0,2.0,7.5,1.0,4.0,2.0
505160.0,4.583333333333334,1.5,2.0,2.916666666666667,2.0,4.166666666666667,4.166666666666667,2.5833333333333335,2.0
506790.0,1.0,2.0,2.0,4.354838709677419,2.0,10.35483870967742,1.0,1.709677419354839,2.0
50698.0,4.0,1.0,1.0,4.0,2.0,10.0,4.0,4.0,1.0
510869.0,2.5,2.0,2.0,3.0,2.0,1.0,2.0,4.0,2.0
511320.0,2.1666666666666665,1.3333333333333333,2.0,3.0,2.0,9.333333333333334,2.0,2.6666666666666665,2.0
512149.0,3.5,2.0,2.0,4.0,2.0,6.0,4.0,3.0,2.0
512341.0,3.7222222222222214,1.511111111111111,2.0,2.7777777777777772,2.0,8.766666666666666,3.6888888888888878,3.444444444444444,2.0
512628.0,4.2407407407407405,1.2592592592592593,2.0,3.4444444444444446,2.0,7.592592592592593,4.333333333333333,3.5925925925925926,2.0
512629.0,3.1,1.1,2.0,3.8,2.0,8.1,3.6,2.5,2.0
512971.0,4.2272727272727275,1.6363636363636365,2.0,1.9090909090909092,2.0,9.772727272727273,4.363636363636363,4.090909090909091,2.0
514865.0,2.625,1.0,2.0,3.0,2.0,3.0,3.0,2.75,2.0
514910.0,4.875,1.25,2.0,3.5,2.0,4.5,5.0,4.75,2.0
514985.0,5.0,2.0,2.0,1.0,2.0,11.0,5.0,5.0,2.0
522699.0,5.0,2.0,2.0,3.0,2.0,10.0,5.0,3.0,2.0
527345.0,3.5,1.2,2.0,4.0,2.0,5.0,3.0,3.8,2.0
529547.0,1.0,2.0,2.0,4.0,2.0,8.0,1.0,4.0,2.0
530675.0,1.875,1.625,2.0,4.5,2.0,3.875,1.875,3.5,2.0
531400.0,3.0,1.3333333333333333,2.0,1.3333333333333333,2.0,11.333333333333334,2.3333333333333335,3.3333333333333335,2.0
531595.0,4.443396226415095,1.5660377358490567,2.0,2.8679245283018866,2.0,9.81132075471698,4.547169811320755,3.320754716981132,2.0
53191.0,5.0,1.0,2.0,3.0,2.0,12.0,5.0,5.0,2.0
532171.0,4.25,1.5,2.0,1.5,2.0,11.5,4.5,5.0,2.0
53536.0,3.0,2.0,2.0,4.0,2.0,5.5,3.0,1.0,2.0
542523.0,4.146496815286624,1.6242038216560508,1.9936305732484076,2.910828025477707,2.0,10.630573248407643,4.2993630573248405,3.5796178343949046,2.0
546311.0,3.5,1.0,2.0,2.0,2.0,12.0,3.0,3.0,2.0
546421.0,3.5,2.0,2.0,3.0,2.0,11.0,3.0,3.0,2.0
547126.0,2.846153846153846,1.9230769230769231,2.0,2.9999999999999996,2.0,8.153846153846153,2.076923076923077,3.230769230769231,2.0
547758.0,1.4285714285714286,1.4285714285714286,2.0,5.0,2.0,6.857142857142857,1.8571428571428572,2.0,2.0
54789.0,4.75,2.0,2.0,2.25,2.0,11.5,5.0,4.75,2.0
549174.0,4.5,2.0,2.0,2.0,2.0,12.0,4.0,5.0,2.0
549410.0,2.717391304347826,1.0,2.0,2.608695652173913,2.0,10.391304347826086,2.782608695652174,3.3913043478260874,2.0
549515.0,4.0,2.0,2.0,2.0,2.0,10.0,4.0,5.0,2.0
550090.0,5.0,2.0,2.0,2.0,2.0,11.0,5.0,5.0,2.0
55070.0,4.75,2.0,2.0,2.0,2.0,11.0,5.0,5.0,2.0
55186.0,2.428571428571428,1.8367346938775508,2.0,2.795918367346939,2.0,9.081632653061224,2.551020408163265,2.6326530612244894,2.0
553122.0,2.5000000000000004,1.6666666666666667,2.0,4.333333333333334,2.0,5.333333333333334,3.3333333333333335,3.3333333333333335,2.0
554822.0,1.6250000000000002,2.0,2.0,4.500000000000001,2.0,7.875,1.3750000000000002,2.25,2.0
558971.0,4.2,1.5333333333333334,2.0,2.0,2.0,9.133333333333333,4.466666666666667,1.9333333333333333,2.0
559457.0,4.0,2.0,2.0,2.0,2.0,11.0,4.0,2.0,2.0
562861.0,2.5,2.0,2.0,3.0,2.0,8.0,2.5,3.0,2.0
565196.0,2.0156250000000004,1.53125,2.0,3.5937500000000004,2.0,8.0625,2.09375,1.875,2.0
565783.0,3.6666666666666665,2.0,2.0,3.3333333333333335,2.0,10.666666666666666,3.6666666666666665,5.0,2.0
565794.0,4.5,2.0,2.0,1.0,2.0,12.0,4.0,5.0,2.0
569677.0,4.625,1.75,2.0,2.25,2.0,10.0,4.25,4.5,2.0
569777.0,1.5,1.8333333333333335,2.0,4.833333333333334,2.0,3.8888888888888893,1.3333333333333335,3.055555555555556,2.0
570902.0,3.0,1.0,2.0,5.0,2.0,12.0,3.0,2.0,2.0
575171.0,5.0,1.3333333333333333,2.0,3.0,2.0,7.333333333333333,5.0,3.3333333333333335,2.0
575219.0,2.0,2.0,2.0,5.0,2.0,5.0,2.0,3.0,2.0
576923.0,3.5,2.0,2.0,5.0,2.0,12.0,4.0,4.0,2.0
579021.0,3.75,1.6666666666666667,2.0,4.0,2.0,8.916666666666666,3.0833333333333335,3.9166666666666665,2.0
581450.0,4.888888888888888,2.0,2.0,2.8888888888888893,2.0,10.444444444444445,4.777777777777778,4.333333333333333,2.0
58456.0,3.5,2.0,2.0,4.0,2.0,12.0,4.0,5.0,2.0
58457.0,4.0,2.0,2.0,2.0,2.0,12.0,4.0,4.0,2.0
593867.0,4.25,2.0,2.0,2.0,2.0,5.0,4.5,4.0,2.0
596070.0,2.0,1.75,2.0,3.7,2.0,5.7,1.15,3.25,2.0
59626.0,4.5,2.0,2.0,2.0,2.0,12.0,5.0,4.0,2.0
596765.0,4.5,1.5714285714285714,2.0,2.2857142857142856,2.0,10.0,4.428571428571429,4.142857142857143,2.0
597357.0,2.0,1.0,2.0,4.0,2.0,10.0,1.0,4.0,2.0
59746.0,4.4,1.8,2.0,3.2,2.0,6.6,4.4,4.0,2.0
603468.0,3.1,1.1,2.0,2.9,2.0,8.2,3.1,1.2,2.0
605053.0,1.984304932735426,2.0,2.0,3.2690582959641254,2.0,6.600896860986547,1.7892376681614348,2.4035874439461886,2.0
605668.0,3.6666666666666665,2.0,2.0,2.0,2.0,10.333333333333334,3.6666666666666665,3.6666666666666665,2.0
610443.0,2.5,2.0,2.0,3.0,2.0,11.0,1.0,3.0,2.0
61125.0,5.0,2.0,2.0,3.0,2.0,12.0,5.0,5.0,2.0
612844.0,5.0,2.0,2.0,4.0,2.0,10.0,5.0,4.0,2.0
613431.0,5.0,2.0,2.0,1.0,2.0,12.0,5.0,5.0,2.0
618035.0,3.5,1.0,2.0,4.0,2.0,7.0,4.0,5.0,2.0
618785.0,5.0,2.0,2.0,2.0,2.0,10.0,5.0,2.0,2.0
62096.0,1.0,2.0,2.0,5.0,2.0,7.5,1.0,4.0,2.0
621771.0,2.875,2.0,2.0,3.75,2.0,10.25,2.5,3.25,2.0
625543.0,3.25,1.5,2.0,3.5,2.0,8.25,3.0,3.0,2.0
629115.0,4.5,2.0,1.0,2.0,2.0,10.0,4.0,4.0,2.0
631364.0,5.0,2.0,2.0,1.0,2.0,11.0,5.0,4.0,2.0
632250.0,1.0,2.0,2.0,5.0,2.0,1.0,1.0,1.0,2.0
634488.0,2.6666666666666665,2.0,2.0,4.0,2.0,8.666666666666666,2.6666666666666665,3.8333333333333335,2.0
639638.0,4.416666666666667,1.0833333333333333,2.0,2.8333333333333335,2.0,11.083333333333334,4.416666666666667,3.5,2.0
645333.0,3.75,1.5,2.0,3.0,2.0,9.0,4.0,2.0,2.0
647525.0,2.0,2.0,2.0,4.0,2.0,9.0,2.0,2.0,2.0
64792.0,4.0,2.0,2.0,5.0,2.0,11.0,4.0,2.0,2.0
648048.0,1.90625,1.9375000000000002,2.0,4.0,2.0,5.9375,2.125,2.75,2.0
649200.0,3.4367816091954024,1.6436781609195403,2.0,4.103448275862069,2.0,7.689655172413793,3.1264367816091956,3.1379310344827585,2.0
649286.0,4.5,1.1666666666666667,2.0,1.8333333333333333,2.0,9.5,4.5,2.1666666666666665,2.0
650054.0,5.0,2.0,2.0,2.0,2.0,5.5,5.0,5.0,2.0
650272.0,4.5,2.0,2.0,3.0,2.0,12.0,4.0,3.0,2.0
651595.0,5.0,1.0,2.0,1.0,2.0,12.0,5.0,5.0,2.0
65167.0,4.625,1.25,2.0,2.5000000000000004,2.0,9.25,5.0,5.0,2.0
65169.0,3.25,2.0,2.0,2.5,2.0,9.0,3.0,2.5,2.0
651871.0,5.0,2.0,2.0,4.0,2.0,11.0,5.0,5.0,2.0
653136.0,4.5,1.5,2.0,4.0,2.0,10.5,4.5,3.5,2.0
65824.0,4.0,1.6666666666666667,2.0,3.3333333333333335,2.0,10.666666666666666,3.6666666666666665,4.0,2.0
670247.0,3.5,2.0,2.0,1.0,2.0,11.0,4.0,3.0,2.0
670429.0,3.375,1.875,2.0,2.625,2.0,9.75,3.0,3.375,2.0
67957.0,3.0,1.2,2.0,4.2,2.0,11.2,2.6,3.4,2.0
681236.0,4.527777777777778,1.4444444444444444,2.0,2.5555555555555554,2.0,10.166666666666666,4.555555555555555,4.333333333333333,2.0
681262.0,5.0,2.0,2.0,2.0,2.0,11.0,5.0,3.0,2.0
68148.0,4.022222222222223,2.0,2.0,4.333333333333334,2.0,7.244444444444447,3.6,4.044444444444445,2.0
690519.0,4.387096774193548,1.5483870967741935,2.0,2.161290322580645,2.0,9.548387096774194,4.225806451612903,3.7096774193548385,2.0
691876.0,3.0,1.75,2.0,2.75,2.0,7.25,2.75,3.25,2.0
697812.0,3.0,1.0,2.0,4.0,2.0,9.0,3.0,3.0,2.0
705599.0,4.0,1.0,2.0,3.0,2.0,8.0,4.0,3.0,2.0
708353.0,3.9705882352941178,1.5882352941176472,2.0,5.0,2.0,10.23529411764706,3.764705882352941,3.764705882352941,2.0
70838.0,4.916666666666667,1.5,2.0,2.0,2.0,9.0,4.916666666666667,4.75,2.0
709923.0,3.625,1.75,2.0,2.5,2.0,10.0,3.5,3.75,2.0
711311.0,5.0,2.0,2.0,1.0,2.0,12.0,5.0,5.0,2.0
713926.0,2.2063492063492065,1.5714285714285714,2.0,2.873015873015873,2.0,9.19047619047619,2.0476190476190474,2.7777777777777777,2.0
729019.0,2.0,2.0,2.0,3.0,2.0,10.0,2.0,5.0,2.0
73270.0,4.166666666666667,1.0,2.0,2.0,2.0,8.666666666666666,4.0,4.666666666666667,2.0
735707.0,5.0,2.0,2.0,2.2,2.0,10.0,5.0,4.6,2.0
737474.0,4.416666666666667,1.8571428571428574,2.0,2.4761904761904763,2.0,9.357142857142858,4.452380952380952,3.8571428571428568,2.0
738667.0,4.0,2.0,2.0,4.0,2.0,10.0,4.0,4.0,2.0
738906.0,3.4410112359550564,1.2078651685393262,2.0,1.7752808988764053,2.0,8.808988764044946,3.3988764044943824,2.5449438202247197,2.0
740495.0,4.5,2.0,2.0,3.0,2.0,9.0,4.0,5.0,2.0
741498.0,4.0,1.0,2.0,1.0,2.0,11.0,3.0,3.0,2.0
751968.0,4.224137931034482,1.931034482758621,2.0,2.6206896551724133,2.0,9.620689655172413,4.517241379310345,3.655172413793103,2.0
752301.0,5.0,1.6666666666666667,2.0,1.6666666666666667,2.0,11.0,5.0,5.0,2.0
75292.0,1.0,2.0,2.0,5.0,2.0,11.0,1.0,1.0,2.0
753834.0,4.5,2.0,2.0,4.0,2.0,10.0,4.0,5.0,2.0
753972.0,2.0,2.0,2.0,5.0,2.0,9.0,2.0,3.0,2.0
754991.0,5.0,1.0,2.0,2.0,2.0,10.0,5.0,4.0,2.0
757340.0,3.9545454545454546,1.2727272727272727,2.0,1.5454545454545454,2.0,10.454545454545455,4.181818181818182,3.727272727272727,2.0
762856.0,4.0,2.0,2.0,4.0,2.0,8.0,4.0,4.0,2.0
764587.0,3.0,2.0,2.0,2.6666666666666665,2.0,10.666666666666666,3.0,3.6666666666666665,2.0
768479.0,4.25,2.0,2.0,1.5,2.0,10.0,4.0,4.5,2.0
770262.0,4.25,1.2727272727272727,2.0,3.9545454545454546,2.0,3.159090909090909,3.8863636363636362,3.590909090909091,2.0
770830.0,5.0,2.0,2.0,3.0,2.0,11.0,5.0,4.0,2.0
770968.0,4.666666666666667,2.0,2.0,1.3333333333333333,2.0,10.333333333333334,4.333333333333333,4.666666666666667,2.0
772560.0,5.0,2.0,2.0,2.0,2.0,12.0,5.0,5.0,2.0
775174.0,2.0,1.0,2.0,4.0,2.0,1.0,1.0,3.0,2.0
781025.0,3.828571428571429,1.9142857142857144,2.0,2.7714285714285722,2.0,9.114285714285716,4.171428571428572,2.685714285714286,2.0
783077.0,4.888888888888888,1.583333333333333,2.0,1.6388888888888888,2.0,10.333333333333334,4.888888888888888,4.694444444444444,2.0
784259.0,4.5,2.0,2.0,4.0,2.0,10.0,5.0,3.0,2.0
78531.0,3.625,2.0,2.0,4.25,2.0,11.0,4.0,3.75,2.0
78535.0,2.0,1.0,2.0,5.0,2.0,6.0,2.0,3.0,2.0
786140.0,4.821621621621621,1.3513513513513513,2.0,3.002702702702702,2.0,6.282432432432432,4.897297297297297,4.081081081081081,2.0
787856.0,5.0,2.0,2.0,1.0,2.0,11.0,5.0,3.0,2.0
790589.0,5.0,2.0,2.0,2.0,2.0,12.0,5.0,4.0,2.0
791709.0,5.0,2.0,2.0,1.0,2.0,9.0,5.0,1.0,2.0
792977.0,2.8333333333333335,1.0,2.0,1.6666666666666667,2.0,4.0,2.3333333333333335,4.333333333333333,2.0
800396.0,4.5,2.0,2.0,4.0,2.0,11.0,4.0,4.0,2.0
80071.0,3.5,2.0,2.0,3.0,2.0,6.0,3.5,2.0,2.0
802465.0,1.875,1.7500000000000002,2.0,4.0,2.0,8.75,1.5,1.7499999999999998,2.0
805545.0,3.3636363636363638,1.9090909090909092,2.0,3.4545454545454546,2.0,6.545454545454546,3.5454545454545454,3.0,2.0
806388.0,3.1875,1.625,2.0,3.1249999999999996,2.0,9.0,3.1249999999999996,4.0,2.0
806786.0,3.5,1.4545454545454546,2.0,3.9090909090909096,2.0,7.7272727272727275,3.9090909090909087,2.8181818181818183,2.0
806915.0,3.5,1.0,2.0,4.0,2.0,9.0,2.0,5.0,2.0
81013.0,2.5,2.0,2.0,4.0,2.0,10.0,2.0,1.0,2.0
815171.0,1.0,2.0,2.0,5.0,2.0,10.0,1.0,1.0,2.0
815792.0,5.0,2.0,2.0,4.0,2.0,12.0,5.0,4.0,2.0
816966.0,2.6,1.5,2.0,3.4,2.0,10.15,2.45,1.95,2.0
820003.0,3.1249999999999996,1.25,2.0,1.25,2.0,8.0,2.75,1.25,2.0
820023.0,2.535714285714286,2.0,2.0,3.0428571428571423,2.0,9.157142857142858,2.2000000000000006,2.4857142857142858,2.0
825462.0,4.6,1.8,2.0,3.8,2.0,10.6,4.6,4.8,2.0
827622.0,4.833333333333333,2.0,2.0,2.0,2.0,11.333333333333334,5.0,5.0,2.0
833085.0,2.5,2.0,2.0,3.0,2.0,10.0,3.0,3.0,2.0
83412.0,2.791666666666667,1.9166666666666665,2.0,5.0,2.0,5.333333333333334,2.5,2.3333333333333335,2.0
836348.0,4.7,2.0,2.0,3.4,2.0,7.7,5.0,4.8,2.0
841908.0,4.5,1.5,2.0,2.0,2.0,10.5,4.0,4.75,2.0
84459.0,2.0,2.0,2.0,1.0,2.0,11.0,2.0,1.0,2.0
846536.0,4.75,1.6842105263157894,2.0,2.2368421052631575,2.0,9.605263157894736,4.684210526315789,2.921052631578947,2.0
855667.0,4.0,2.0,2.0,2.0,2.0,6.666666666666667,4.333333333333333,4.333333333333333,2.0
85962.0,2.4305555555555554,1.8055555555555556,2.0,2.5833333333333335,2.0,10.41666666666667,2.388888888888889,3.6388888888888893,2.0
864707.0,4.5,1.0,2.0,2.0,2.0,12.0,5.0,4.0,2.0
867430.0,4.0,2.0,2.0,4.0,2.0,9.0,4.0,4.0,2.0
87033.0,4.267857142857143,1.3928571428571428,2.0,2.8214285714285716,2.0,9.964285714285714,4.5,4.107142857142857,2.0
870874.0,3.0272727272727273,1.1090909090909091,2.0,3.0727272727272728,2.0,8.490909090909092,2.9454545454545453,3.5454545454545454,2.0
872139.0,5.0,2.0,2.0,5.0,2.0,11.0,5.0,4.0,2.0
872960.0,5.0,1.6,2.0,1.4,2.0,10.2,5.0,4.6,2.0
874066.0,5.0,1.0,2.0,4.454545454545454,2.0,9.136363636363637,5.0,3.6363636363636367,2.0
88087.0,5.0,2.0,2.0,1.0,2.0,11.0,5.0,5.0,2.0
887798.0,3.0,2.0,2.0,2.6,2.0,10.6,3.0,4.2,2.0
888354.0,2.375,1.25,2.0,3.0,2.0,1.0,3.25,1.7499999999999998,2.0
88987.0,3.3333333333333335,1.6666666666666667,2.0,3.6666666666666665,2.0,9.0,3.0,3.0,2.0
88988.0,2.375,1.0,2.0,4.75,2.0,8.500000000000002,2.25,4.0,2.0
88991.0,1.9342105263157892,1.9736842105263155,2.0,4.394736842105263,2.0,7.605263157894737,1.9473684210526312,2.6315789473684204,2.0
891130.0,3.9285714285714293,2.0,2.0,3.1428571428571432,2.0,6.178571428571429,3.857142857142857,4.857142857142858,2.0
891340.0,4.249999999999999,1.6249999999999998,2.0,2.6249999999999996,2.0,7.124999999999999,4.624999999999999,3.9999999999999996,2.0
89171.0,4.833333333333333,1.6666666666666667,2.0,2.5,2.0,10.5,5.0,4.666666666666667,2.0
892204.0,4.714285714285714,1.7142857142857142,2.0,2.142857142857143,2.0,7.285714285714286,4.857142857142857,4.0476190476190474,2.0
894166.0,4.416666666666667,1.6666666666666667,2.0,1.75,2.0,10.0,4.25,2.75,2.0
898674.0,2.0,1.0,2.0,4.0,2.0,8.0,2.0,2.0,2.0
900532.0,2.46551724137931,1.7241379310344827,2.0,3.655172413793103,2.0,6.120689655172414,2.3448275862068964,2.2068965517241375,2.0
900648.0,4.507575757575756,1.7424242424242422,2.0,2.3787878787878785,2.0,8.378787878787877,4.59090909090909,4.075757575757574,2.0
901650.0,4.25,1.0,2.0,2.0,2.0,11.0,4.5,3.0,2.0
910147.0,1.3636363636363635,1.5757575757575757,2.0,4.545454545454544,2.0,6.09090909090909,1.6666666666666665,1.909090909090909,2.0
910189.0,4.6,1.9333333333333333,2.0,1.1333333333333333,2.0,10.866666666666667,4.266666666666667,4.866666666666666,2.0
910721.0,3.5,1.0,2.0,3.0,2.0,12.0,4.0,4.0,2.0
912762.0,5.0,1.46875,2.0,1.875,2.0,11.25,5.0,4.40625,2.0
913586.0,3.0,1.0,2.0,5.0,2.0,1.0,2.0,1.0,2.0
918426.0,2.5,1.0,2.0,5.0,2.0,5.0,2.0,3.0,2.0
918784.0,1.1818181818181819,2.0,2.0,5.0,2.0,9.363636363636363,1.3636363636363635,1.0,2.0
921438.0,4.5,2.0,2.0,4.0,2.0,12.0,5.0,4.0,2.0
921744.0,3.3333333333333335,2.0,2.0,1.3333333333333333,2.0,11.666666666666666,3.3333333333333335,4.666666666666667,2.0
924186.0,4.5,2.0,2.0,2.0,2.0,8.0,4.0,4.0,2.0
925713.0,5.0,2.0,2.0,2.0,2.0,11.0,5.0,1.0,2.0
926841.0,4.729035639412999,1.7662473794549267,2.0,2.146750524109015,2.0,9.980607966457024,4.684486373165619,4.371069182389938,2.0
9310.0,3.7333333333333334,1.2666666666666666,2.0,2.1333333333333333,2.0,9.733333333333333,3.4,2.933333333333333,2.0
9313.0,4.5,1.5,2.0,4.25,2.0,2.5,4.5,4.25,2.0
931406.0,4.75,2.0,2.0,2.0,2.0,11.5,5.0,4.0,2.0
9316.0,3.5,2.0,2.0,4.0,2.0,9.0,2.0,5.0,2.0
932363.0,4.0,2.0,2.0,2.0,2.0,11.0,4.0,3.0,2.0
932767.0,4.5,2.0,2.0,3.0,2.0,10.0,5.0,4.0,2.0
936067.0,4.5,1.0,2.0,3.0,2.0,11.0,4.0,3.0,2.0
936631.0,4.708333333333334,1.041666666666667,2.0,1.041666666666667,2.0,11.458333333333334,4.791666666666667,4.416666666666667,2.0
937240.0,1.6,2.0,2.0,4.6,2.0,2.8,1.6,1.6,2.0
939141.0,4.3,1.8000000000000003,2.0,3.2,2.0,9.8,4.6,5.0,2.0
944497.0,5.0,2.0,2.0,1.0,2.0,11.0,5.0,5.0,2.0
947004.0,1.5,2.0,2.0,3.5,2.0,8.5,1.5,3.0,2.0
948266.0,4.277777777777778,1.7777777777777777,2.0,4.000000000000001,2.0,4.888888888888889,4.333333333333333,2.9999999999999996,2.0
953334.0,1.4776119402985077,1.208955223880597,2.0,4.910447761194031,2.0,6.164179104477612,1.6865671641791045,1.2238805970149254,2.0
95425.0,1.0,2.0,2.0,5.0,2.0,12.0,1.0,5.0,2.0
955000.0,1.0,1.0,2.0,5.0,2.0,10.0,1.0,2.0,2.0
955773.0,3.4583333333333335,1.9166666666666667,2.0,3.583333333333334,2.0,9.916666666666668,3.7500000000000004,3.916666666666667,2.0
955858.0,3.25,1.0,2.0,2.0,2.0,9.5,3.0,3.0,2.0
956030.0,5.0,2.0,2.0,3.0,2.0,1.0,5.0,5.0,2.0
956932.0,4.125,1.0,2.0,1.25,2.0,11.25,4.5,3.25,2.0
96210.0,2.5555555555555554,1.5555555555555556,2.0,4.888888888888889,2.0,5.777777777777778,1.8888888888888888,1.7777777777777777,2.0
962537.0,5.0,1.8571428571428572,2.0,2.7142857142857144,2.0,10.571428571428571,5.0,4.2857142857142865,2.0
96647.0,4.0,2.0,2.0,3.0,2.0,10.0,5.0,4.0,2.0
969342.0,4.5,2.0,2.0,3.0,2.0,10.0,5.0,4.0,2.0
973092.0,4.0,2.0,2.0,4.0,2.0,9.0,3.0,2.0,2.0
97334.0,5.0,1.0,2.0,3.0,2.0,10.0,5.0,4.0,2.0
975265.0,3.5,1.0,2.0,1.0,2.0,11.0,3.0,4.0,2.0
976295.0,4.5,2.0,2.0,1.0,2.0,11.0,5.0,5.0,2.0
98134.0,4.029411764705883,1.0,2.0,2.8235294117647065,2.0,4.235294117647059,4.352941176470588,3.823529411764706,2.0
982603.0,4.2,1.6,2.0,3.0,2.0,10.4,4.6,4.6,2.0
98938.0,4.770833333333333,1.2499999999999998,2.0,1.9999999999999998,2.0,11.291666666666666,4.791666666666666,4.499999999999999,2.0
99188.0,4.3,1.7,2.0,2.7,2.0,10.0,4.1,3.6,2.0
992772.0,4.0,1.0,2.0,2.0,2.0,8.0,4.0,3.0,2.0
99284.0,5.0,1.0,2.0,3.0,2.0,11.0,5.0,5.0,2.0
99417.0,2.818181818181818,1.0909090909090908,2.0,3.5454545454545463,2.0,9.727272727272727,3.1818181818181817,4.454545454545454,2.0
99765.0,4.5,2.0,2.0,3.0,2.0,9.0,5.0,4.0,2.0
99965.0,2.5,1.6666666666666667,2.0,3.6666666666666665,2.0,7.166666666666667,2.3333333333333335,3.0,2.0
